Rk,Player,WAR,Season,Team
,,,,
1,CJ Abrams,3.4,2023,WSN
2,JosÃ© Abreu,0,2023,HOU
3,Ronald AcuÃ±a Jr.,8.2,2023,ATL
4,Willy Adames,3,2023,MIL
5,Ozzie Albies,4.7,2023,ATL
6,Nick Allen,0.3,2023,OAK
7,Pete Alonso,3.2,2023,NYM
8,Jose Altuve,2.8,2023,HOU
9,Francisco Alvarez,1,2023,NYM
10,Tim Anderson,-2,2023,CHW
11,Orlando Arcia,1.6,2023,ATL
12,Nolan Arenado,2.4,2023,STL
13,Luis ArrÃ¡ez,4.9,2023,MIA
14,Randy Arozarena,3.5,2023,TBR
15,Akil Baddoo,0.6,2023,DET
16,Harrison Bader,0.6,2023,"CIN,NYY"
17,Javier BÃ¡ez,0.6,2023,DET
18,Patrick Bailey,0.8,2023,SFG
19,Brett Baty,-0.8,2023,NYM
20,Josh Bell,0.4,2023,"CLE,MIA"
21,Cody Bellinger,4.4,2023,CHC
22,Andrew Benintendi,0.2,2023,CHW
23,Will Benson,1.6,2023,CIN
24,Christian Bethancourt,0.7,2023,TBR
25,Mookie Betts,8.3,2023,LAD
26,Bo Bichette,4.9,2023,TOR
27,Xander Bogaerts,4.4,2023,SDP
28,Alec Bohm,0.4,2023,PHI
29,Alex Bregman,4.9,2023,HOU
30,Will Brennan,0.5,2023,CLE
31,Jake Burger,2.5,2023,"CHW,MIA"
32,Byron Buxton,0.8,2023,MIN
33,Oswaldo Cabrera,-1.5,2023,NYY
34,Miguel Cabrera,-0.4,2023,DET
35,Alex Call,1.1,2023,WSN
36,Jeimer Candelario,2.9,2023,"CHC,WSN"
37,Mark Canha,2.2,2023,"MIL,NYM"
38,Kerry Carpenter,1.9,2023,DET
39,Corbin Carroll,5.4,2023,ARI
40,Triston Casas,2.2,2023,BOS
41,Nick Castellanos,1.5,2023,PHI
42,Willi Castro,2.7,2023,MIN
43,Matt Chapman,4.4,2023,TOR
44,Jazz Chisholm Jr.,1.2,2023,MIA
45,Trent Grisham,2,2023,SDP
46,Michael Conforto,0.7,2023,SFG
47,Willson Contreras,3.4,2023,STL
48,William Contreras,3.8,2023,MIL
49,Garrett Cooper,0,2023,"MIA,SDP"
50,Carlos Correa,1.4,2023,MIN
51,J.P. Crawford,5.1,2023,SEA
52,Brandon Crawford,-1.3,2023,SFG
53,Jake Cronenworth,1,2023,SDP
54,J.D. Davis,0.9,2023,SFG
55,Paul DeJong,-0.5,2023,"SFG,STL,TOR"
56,Bryan De La Cruz,-0.3,2023,MIA
57,Rafael Devers,3.5,2023,BOS
58,Yandy DÃ­az,5.2,2023,TBR
59,Elias DÃ­az,1.4,2023,COL
60,Brenton Doyle,0.9,2023,COL
61,Brandon Drury,1.9,2023,LAA
62,Jarren Duran,2.1,2023,BOS
63,Adam Duvall,1.6,2023,BOS
64,Thairo Estrada,2.3,2023,SFG
65,Stuart Fairchild,0.5,2023,CIN
66,Nick Fortes,-0.1,2023,MIA
67,Jake Fraley,0.9,2023,CIN
68,Ty France,0.7,2023,SEA
69,Wander Franco,5.5,2023,TBR
70,Adam Frazier,1.7,2023,BAL
71,Freddie Freeman,6.5,2023,LAD
72,TJ Friedl,3.8,2023,CIN
73,Maikel Garcia,1.1,2023,KCR
74,Luis GarcÃ­a Jr.,0.7,2023,WSN
75,Adolis GarcÃ­a,4.2,2023,TEX
76,Stone Garrett,1.9,2023,WSN
77,AndrÃ©s GimÃ©nez,5.3,2023,CLE
78,Paul Goldschmidt,3.4,2023,STL
79,Yan Gomes,1.7,2023,CHC
80,Lourdes Gurriel Jr.,3,2023,ARI
81,Yuli Gurriel,-0.5,2023,MIA
82,Yasmani Grandal,-0.7,2023,CHW
83,Riley Greene,1.9,2023,DET
84,Randal Grichuk,1.2,2023,"COL,LAA"
85,Vladimir Guerrero Jr.,2,2023,TOR
86,Ian Happ,3,2023,CHC
87,Bryce Harper,3.7,2023,PHI
88,Michael Harris II,3.4,2023,ATL
89,Ke'Bryan Hayes,4,2023,PIT
90,Austin Hays,2.5,2023,BAL
91,Austin Hedges,-1.1,2023,"PIT,TEX"
92,Jonah Heim,2.9,2023,TEX
93,Gunnar Henderson,6.2,2023,BAL
94,Teoscar HernÃ¡ndez,2.1,2023,SEA
95,Jason Heyward,1.9,2023,LAD
96,Aaron Hicks,0.4,2023,"BAL,NYY"
97,Kyle Higashioka,-0.3,2023,NYY
98,Nico Hoerner,5.1,2023,CHC
99,Jonathan India,1.4,2023,CIN
100,Kyle Isbel,2.1,2023,KCR
101,Travis Jankowski,1.4,2023,TEX
102,Ryan Jeffers,3.3,2023,MIN
103,Eloy JimÃ©nez,0.3,2023,CHW
104,Connor Joe,0.7,2023,PIT
105,Nolan Jones,4.3,2023,COL
106,Josh Jung,2.4,2023,TEX
107,Jarred Kelenic,2,2023,SEA
108,Max Kepler,2.9,2023,MIN
109,Kevin Kiermaier,3.9,2023,TOR
110,Ha-Seong Kim,5.8,2023,SDP
111,Alejandro Kirk,1.9,2023,TOR
112,Steven Kwan,3.6,2023,CLE
113,Shea Langeliers,1.1,2023,OAK
114,RamÃ³n Laureano,1.8,2023,"CLE,OAK"
115,Francisco Lindor,6,2023,NYM
116,Josh Lowe,3.7,2023,TBR
117,Nathaniel Lowe,2.6,2023,TEX
118,Brandon Lowe,2.1,2023,TBR
119,Manny Machado,2.9,2023,SDP
120,MartÃ­n Maldonado,0.3,2023,HOU
121,Manuel Margot,0.6,2023,TBR
122,Brandon Marsh,3.4,2023,PHI
123,Ketel Marte,4.9,2023,ARI
124,Starling Marte,-0.8,2023,NYM
125,J.D. Martinez,1.9,2023,LAD
126,Michael Massey,-0.1,2023,KCR
127,Jorge Mateo,0.8,2023,BAL
128,Jake McCarthy,0.5,2023,ARI
129,Chas McCormick,3.6,2023,HOU
130,Andrew McCutchen,1.5,2023,PIT
131,Ryan McKenna,0.5,2023,BAL
132,Ryan McMahon,2.9,2023,COL
133,Jeff McNeil,2.4,2023,NYM
134,MJ Melendez,-0.4,2023,KCR
135,Joey Meneses,0.5,2023,WSN
136,Whit Merrifield,0.7,2023,TOR
137,Jake Meyers,1.6,2023,HOU
138,YoÃ¡n Moncada,0.7,2023,CHW
139,Mickey Moniak,2.2,2023,LAA
140,Gabriel Moreno,4.3,2023,ARI
141,Ryan Mountcastle,2.1,2023,BAL
142,Cedric Mullins,2.8,2023,BAL
143,Max Muncy,2.6,2023,LAD
144,Sean Murphy,3.9,2023,ATL
145,Josh Naylor,2.5,2023,CLE
146,Zach Neto,1.6,2023,LAA
147,Brandon Nimmo,3.9,2023,NYM
148,Ryan Noda,2.3,2023,OAK
149,Lars Nootbaar,3.3,2023,STL
150,Matt Olson,7.4,2023,ATL
151,Shohei Ohtani,6,2023,LAA
152,James Outman,3.3,2023,LAD
153,Marcell Ozuna,3.3,2023,ATL
154,Isaac Paredes,4.2,2023,TBR
155,Jeremy PeÃ±a,3.8,2023,HOU
156,David Peralta,0.6,2023,LAD
157,Geraldo Perdomo,2.3,2023,ARI
158,Salvador Perez,0.5,2023,KCR
159,Jace Peterson,-0.3,2023,"ARI,OAK"
160,Tommy Pham,1.5,2023,"ARI,NYM"
161,Jurickson Profar,-1.3,2023,"COL,SDP"
162,Cal Raleigh,3.2,2023,SEA
163,Harold RamÃ­rez,2.1,2023,TBR
164,JosÃ© RamÃ­rez,5.1,2023,CLE
165,J.T. Realmuto,3.6,2023,PHI
166,Hunter Renfroe,-0.6,2023,"CIN,LAA"
167,Bryan Reynolds,2.4,2023,PIT
168,Austin Riley,5.9,2023,ATL
169,Anthony Rizzo,0.5,2023,NYY
170,Luis Robert Jr.,5,2023,CHW
171,Julio RodrÃ­guez,5.3,2023,SEA
172,Jake Rogers,0.7,2023,DET
173,Miguel Rojas,1.3,2023,LAD
174,Amed Rosario,0.4,2023,"CLE,LAD"
175,Eddie Rosario,1.1,2023,ATL
176,Keibert Ruiz,1.3,2023,WSN
177,Esteury Ruiz,-0.1,2023,OAK
178,Adley Rutschman,4.3,2023,BAL
179,JesÃºs SÃ¡nchez,1.7,2023,MIA
180,Anthony Santander,3,2023,BAL
181,Carlos Santana,2.7,2023,"MIL,PIT"
182,Kyle Schwarber,0.6,2023,PHI
183,Corey Seager,6.9,2023,TEX
184,Jean Segura,-1.9,2023,MIA
185,Marcus Semien,7.4,2023,TEX
186,Jose Siri,1.7,2023,TBR
187,Dominic Smith,0.9,2023,WSN
188,Will Smith,4.1,2023,LAD
189,Donovan Solano,1.7,2023,MIN
190,Jorge Soler,1.8,2023,MIA
191,Edmundo Sosa,0.7,2023,PHI
192,Juan Soto,5.5,2023,SDP
193,George Springer,2.1,2023,TOR
194,Jacob Stallings,-0.6,2023,MIA
195,Tyler Stephenson,0.7,2023,CIN
196,Bryson Stott,4.3,2023,PHI
197,Myles Straw,1.1,2023,CLE
198,Eugenio SuÃ¡rez,2.3,2023,SEA
199,Jack Suwinski,2.2,2023,PIT
200,Seiya Suzuki,2.8,2023,CHC
201,Dansby Swanson,4.8,2023,CHC
202,Fernando Tatis Jr.,5.5,2023,SDP
203,Mike Tauchman,2.4,2023,CHC
204,Leody Taveras,2.6,2023,TEX
205,Michael A. Taylor,1.9,2023,MIN
206,Matt Thaiss,0.4,2023,LAA
207,Lane Thomas,3.3,2023,WSN
208,Alek Thomas,1.1,2023,ARI
209,Spencer Torkelson,0.8,2023,DET
210,Gleyber Torres,2.9,2023,NYY
211,Ezequiel Tovar,2.5,2023,COL
212,Kyle Tucker,5.4,2023,HOU
213,Brice Turang,1.6,2023,MIL
214,Trea Turner,3.4,2023,PHI
215,Justin Turner,2.1,2023,BOS
216,RamÃ³n UrÃ­as,1.8,2023,BAL
217,Daulton Varsho,3.9,2023,TOR
218,Andrew Vaughn,0.9,2023,CHW
219,Christian VÃ¡zquez,-0.3,2023,MIN
220,Alex Verdugo,2.6,2023,BOS
221,Matt Vierling,1.5,2023,DET
222,Daniel Vogelbach,0.2,2023,NYM
223,Anthony Volpe,3.3,2023,NYY
224,LaMonte Wade Jr.,2.7,2023,SFG
225,Jordan Walker,-0.1,2023,STL
226,Christian Walker,3.8,2023,ARI
227,Taylor Ward,1.7,2023,LAA
228,Drew Waters,0.7,2023,KCR
229,Joey Wendle,-0.2,2023,MIA
230,Joey Wiemer,0.9,2023,MIL
231,Bobby Witt Jr.,4.4,2023,KCR
232,Connor Wong,2.2,2023,BOS
233,Mike Yastrzemski,2.4,2023,SFG
234,Christian Yelich,3.6,2023,MIL
235,Masataka Yoshida,1.4,2023,BOS
236,JosÃ© Abreu,4.3,2022,CHW
237,Ronald AcuÃ±a Jr.,2.6,2022,ATL
238,Willy Adames,4.3,2022,MIL
239,Jo Adell,-0.6,2022,LAA
240,Pete Alonso,4.4,2022,NYM
241,Jose Altuve,5.2,2022,HOU
242,Elvis Andrus,3.2,2022,"CHW,OAK"
243,Nolan Arenado,7.7,2022,STL
244,Randy Arozarena,2.7,2022,TBR
245,JosÃ© Azocar,0,2022,SDP
246,Harrison Bader,1,2022,"NYY,STL"
247,Javier BÃ¡ez,2.4,2022,DET
248,Tucker Barnhart,-0.2,2022,DET
249,Joey Bart,0.8,2022,SFG
250,Josh Bell,2.9,2022,"SDP,WSN"
251,Cody Bellinger,1.4,2022,LAD
252,Andrew Benintendi,3.2,2022,"KCR,NYY"
253,Mookie Betts,6.7,2022,LAD
254,Bo Bichette,3.7,2022,TOR
255,Charlie Blackmon,-0.1,2022,COL
256,Xander Bogaerts,5.9,2022,BOS
257,Alec Bohm,0.9,2022,PHI
258,Jackie Bradley Jr.,-0.5,2022,"BOS,TOR"
259,Alex Bregman,4.6,2022,HOU
260,Seth Brown,1.8,2022,OAK
261,Miguel Cabrera,-1.1,2022,DET
262,Kole Calhoun,-1.6,2022,TEX
263,Jeimer Candelario,0.5,2022,DET
264,Mark Canha,2.5,2022,NYM
265,Victor Caratini,0.6,2022,MIL
266,Dylan Carlson,1.9,2022,STL
267,Nick Castellanos,0.1,2022,PHI
268,Willi Castro,1.1,2022,DET
269,Gilberto Celestino,0.3,2022,MIN
270,Matt Chapman,3.6,2022,TOR
271,Michael Chavis,-0.2,2022,PIT
272,Jiman Choi,1.2,2022,TBR
273,Trent Grisham,2.5,2022,SDP
274,Carlos Correa,5.3,2022,MIN
275,J.P. Crawford,2.7,2022,SEA
276,Brandon Crawford,0.7,2022,SFG
277,C.J. Cron,2.2,2022,COL
278,Jake Cronenworth,3.9,2022,SDP
279,Nelson Cruz,0.1,2022,WSN
280,Bobby Dalbec,-0.7,2022,BOS
281,Travis d'Arnaud,2.8,2022,ATL
282,Yonathan Daza,1.2,2022,COL
283,Bryan De La Cruz,0.6,2022,MIA
284,Rafael Devers,4.5,2022,BOS
285,Yandy DÃ­az,3.4,2022,TBR
286,Elias DÃ­az,0.4,2022,COL
287,Josh Donaldson,2.2,2022,NYY
288,Adam Duvall,-0.2,2022,ATL
289,Tommy Edman,6.2,2022,STL
290,Adam Engel,0.1,2022,CHW
291,Eduardo Escobar,1.2,2022,NYM
292,Santiago Espinal,2.2,2022,TOR
293,Thairo Estrada,1.8,2022,SFG
294,Kyle Farmer,1.2,2022,CIN
295,Ty France,3.1,2022,SEA
296,Maikel Franco,-1.1,2022,WSN
297,Adam Frazier,0.8,2022,SEA
298,Freddie Freeman,6.2,2022,LAD
299,Joey Gallo,0.3,2022,"LAD,NYY"
300,Ben Gamel,0.1,2022,PIT
301,AvisaÃ­l GarcÃ­a,-1.1,2022,MIA
302,Adolis GarcÃ­a,3.5,2022,TEX
303,AndrÃ©s GimÃ©nez,7.4,2022,CLE
304,Paul Goldschmidt,7.7,2022,STL
305,Oscar GonzÃ¡lez,2.1,2022,CLE
306,Luis GonzÃ¡lez,0.3,2022,SFG
307,Nick Gordon,1.7,2022,MIN
308,Lourdes Gurriel Jr.,2.2,2022,TOR
309,Yuli Gurriel,-0.2,2022,HOU
310,Riley Greene,1.3,2022,DET
311,Randal Grichuk,0.3,2022,COL
312,Robbie Grossman,0.5,2022,"ATL,DET"
313,Vladimir Guerrero Jr.,4,2022,TOR
314,Eric Haase,2,2022,DET
315,Ian Happ,4.2,2022,CHC
316,Bryce Harper,2.5,2022,PHI
317,Josh Harrison,1.6,2022,CHW
318,Michael Harris II,5.2,2022,ATL
319,Ke'Bryan Hayes,4.4,2022,PIT
320,Austin Hays,2.4,2022,BAL
321,Austin Hedges,-0.4,2022,CLE
322,Jonah Heim,2.4,2022,TEX
323,Teoscar HernÃ¡ndez,2.8,2022,TOR
324,CÃ©sar HernÃ¡ndez,0.7,2022,WSN
325,KikÃ© HernÃ¡ndez,0.9,2022,BOS
326,Aaron Hicks,1.5,2022,NYY
327,Kyle Higashioka,0.6,2022,NYY
328,Nico Hoerner,4.2,2022,CHC
329,Rhys Hoskins,3,2022,PHI
330,Eric Hosmer,1,2022,"BOS,SDP"
331,Jose Iglesias,1.2,2022,COL
332,Jonathan India,-0.1,2022,CIN
333,Kyle Isbel,0.4,2022,KCR
334,Aaron Judge,10.5,2022,NYY
335,Carson Kelly,0.9,2022,ARI
336,Tony Kemp,1.2,2022,OAK
337,Max Kepler,2.1,2022,MIN
338,Ha-Seong Kim,4.9,2022,SDP
339,Isiah Kiner-Falefa,2.9,2022,NYY
340,Andrew Knizner,0.6,2022,STL
341,Steven Kwan,5.6,2022,CLE
342,RamÃ³n Laureano,1,2022,OAK
343,Francisco Lindor,5.6,2022,NYM
344,Nathaniel Lowe,3.2,2022,TEX
345,Gavin Lux,2.8,2022,LAD
346,Manny Machado,6.7,2022,SDP
347,MartÃ­n Maldonado,0.4,2022,HOU
348,Brandon Marsh,1.6,2022,"LAA,PHI"
349,Ketel Marte,1.5,2022,ARI
350,Starling Marte,3.9,2022,NYM
351,J.D. Martinez,1.1,2022,BOS
352,Jorge Mateo,3.6,2022,BAL
353,Jake McCarthy,2.3,2022,ARI
354,Chas McCormick,1.3,2022,HOU
355,Andrew McCutchen,1.1,2022,MIL
356,Reese McGuire,0.9,2022,"BOS,CHW"
357,Ryan McKenna,0.3,2022,BAL
358,Ryan McMahon,3.1,2022,COL
359,Jeff McNeil,5.7,2022,NYM
360,Francisco Mejia,0.7,2022,TBR
361,Whit Merrifield,0,2022,"KCR,TOR"
362,Owen Miller,0.3,2022,CLE
363,YoÃ¡n Moncada,0.9,2022,CHW
364,Ryan Mountcastle,1.5,2022,BAL
365,Cedric Mullins,4,2022,BAL
366,Max Muncy,3,2022,LAD
367,Sean Murphy,3.6,2022,OAK
368,Tyler Naquin,-0.2,2022,"CIN,NYM"
369,Omar NarvÃ¡ez,0.3,2022,MIL
370,Josh Naylor,1.8,2022,CLE
371,TomÃ¡s Nido,0.3,2022,NYM
372,Brandon Nimmo,5.1,2022,NYM
373,Austin Nola,1.9,2022,SDP
374,Lars Nootbaar,2.1,2022,STL
375,Rougned Odor,-0.2,2022,BAL
376,Matt Olson,3.3,2022,ATL
377,Tyler O'Neill,1.2,2022,STL
378,Rafael Ortega,0.2,2022,CHC
379,Shohei Ohtani,3.4,2022,LAA
380,Cristian Pache,-0.5,2022,OAK
381,Joc Pederson,1.4,2022,SFG
382,Jeremy PeÃ±a,5,2022,HOU
383,David Peralta,0.6,2022,"ARI,TBR"
384,Geraldo Perdomo,0.6,2022,ARI
385,Jace Peterson,2.2,2022,MIL
386,Tommy Pham,0.5,2022,"BOS,CIN"
387,Chad Pinder,-0.6,2022,OAK
388,Jorge Polanco,2.7,2022,MIN
389,AJ Pollock,0.5,2022,CHW
390,Jurickson Profar,3,2022,SDP
391,Cal Raleigh,3.9,2022,SEA
392,JosÃ© RamÃ­rez,6,2022,CLE
393,J.T. Realmuto,6.6,2022,PHI
394,Hunter Renfroe,2.6,2022,MIL
395,Luis Rengifo,2.4,2022,LAA
396,VÃ­ctor Reyes,0,2022,DET
397,Franmil Reyes,-1,2022,"CHC,CLE"
398,Bryan Reynolds,3,2022,PIT
399,Austin Riley,6.3,2022,ATL
400,Alfonso Rivas III,0.4,2022,CHC
401,Emmanuel Rivera,1.6,2022,"ARI,KCR"
402,Anthony Rizzo,2.3,2022,NYY
403,Luis Robert Jr.,2.1,2022,CHW
404,VÃ­ctor Robles,1.8,2022,WSN
405,Brendan Rodgers,4.3,2022,COL
406,Julio RodrÃ­guez,6.2,2022,SEA
407,Miguel Rojas,2.5,2022,MIA
408,Josh Rojas,3.1,2022,ARI
409,Amed Rosario,4.2,2022,CLE
410,Keibert Ruiz,1.5,2022,WSN
411,Adley Rutschman,5.4,2022,BAL
412,Gary SÃ¡nchez,0.8,2022,MIN
413,JesÃºs SÃ¡nchez,1,2022,MIA
414,Anthony Santander,2.3,2022,BAL
415,Jonathan Schoop,-0.1,2022,DET
416,Kyle Schwarber,2.3,2022,PHI
417,Corey Seager,3.8,2022,TEX
418,Jean Segura,1.8,2022,PHI
419,Marcus Semien,5.5,2022,TEX
420,Nick Senzel,-1.1,2022,CIN
421,Gavin Sheets,-0.4,2022,CHW
422,Jose Siri,1.3,2022,"HOU,TBR"
423,Austin Slater,1.3,2022,SFG
424,Will Smith,4.4,2022,LAD
425,Juan Soto,5.5,2022,"SDP,WSN"
426,George Springer,4.1,2022,TOR
427,Jacob Stallings,-0.8,2022,MIA
428,Max Stassi,-0.6,2022,LAA
429,Trevor Story,2.5,2022,BOS
430,Bryson Stott,1.2,2022,PHI
431,Myles Straw,2.7,2022,CLE
432,Eugenio SuÃ¡rez,3.9,2022,SEA
433,Jack Suwinski,1.2,2022,PIT
434,Seiya Suzuki,1.8,2022,CHC
435,Dansby Swanson,5.5,2022,ATL
436,Raimel Tapia,0.4,2022,TOR
437,Leody Taveras,0.7,2022,TEX
438,Tyrone Taylor,2,2022,MIL
439,Chris Taylor,0.7,2022,LAD
440,Michael A. Taylor,3.2,2022,KCR
441,Rowdy Tellez,0.7,2022,MIL
442,Lane Thomas,1.6,2022,WSN
443,Alek Thomas,1.3,2022,ARI
444,Spencer Torkelson,-1.3,2022,DET
445,Gleyber Torres,4,2022,NYY
446,Jose Trevino,2.3,2022,NYY
447,Mike Trout,6.2,2022,LAA
448,Kyle Tucker,5.4,2022,HOU
449,Trea Turner,5.2,2022,LAD
450,RamÃ³n UrÃ­as,3.8,2022,BAL
451,Gio Urshela,3,2022,MIN
452,Daulton Varsho,4.8,2022,ARI
453,Andrew Vaughn,-0.1,2022,CHW
454,Christian VÃ¡zquez,2.1,2022,"BOS,HOU"
455,Andrew Velazquez,1.4,2022,LAA
456,Alex Verdugo,1.1,2022,BOS
457,Matt Vierling,-0.5,2022,PHI
458,Daniel Vogelbach,1.4,2022,"NYM,PIT"
459,Luke Voit,0.7,2022,"SDP,WSN"
460,Christian Walker,5,2022,ARI
461,Taylor Walls,2.5,2022,TBR
462,Jared Walsh,-0.7,2022,LAA
463,Taylor Ward,3.6,2022,LAA
464,Jesse Winker,-0.2,2022,SEA
465,Patrick Wisdom,0.7,2022,CHC
466,Bobby Witt Jr.,0.9,2022,KCR
467,Kolten Wong,3,2022,MIL
468,Mike Yastrzemski,2,2022,SFG
469,Christian Yelich,2.5,2022,MIL
470,Bradley Zimmer,0.1,2022,"PHI,TOR"
471,JosÃ© Abreu,2.9,2021,CHW
472,Ronald AcuÃ±a Jr.,3.7,2021,ATL
473,Willy Adames,4.2,2021,"MIL,TBR"
474,JesÃºs Aguilar,1.4,2021,MIA
475,Nick Ahmed,0.7,2021,ARI
476,Ozzie Albies,3.6,2021,ATL
477,Pete Alonso,4.1,2021,NYM
478,Jose Altuve,4.5,2021,HOU
479,Yordan Alvarez,3.1,2021,HOU
480,Tim Anderson,4.7,2021,CHW
481,Elvis Andrus,0.6,2021,OAK
482,Nolan Arenado,4,2021,STL
483,Randy Arozarena,3.9,2021,TBR
484,Akil Baddoo,2.1,2021,DET
485,Harrison Bader,3.8,2021,STL
486,Javier BÃ¡ez,4.5,2021,"CHC,NYM"
487,Tucker Barnhart,0.3,2021,CIN
488,Josh Bell,3.1,2021,WSN
489,Cody Bellinger,-1.7,2021,LAD
490,Brandon Belt,2.7,2021,SFG
491,Andrew Benintendi,2.6,2021,KCR
492,Mookie Betts,4,2021,LAD
493,Bo Bichette,5.8,2021,TOR
494,Charlie Blackmon,1,2021,COL
495,Xander Bogaerts,5,2021,BOS
496,Alec Bohm,-1.3,2021,PHI
497,Jackie Bradley Jr.,-0.6,2021,MIL
498,Michael Brantley,2.5,2021,HOU
499,Alex Bregman,2.1,2021,HOU
500,Seth Brown,1.5,2021,OAK
501,Kris Bryant,3.3,2021,"CHC,SFG"
502,Miguel Cabrera,-0.6,2021,DET
503,Jeimer Candelario,3.7,2021,DET
504,Mark Canha,2.6,2021,OAK
505,Victor Caratini,0,2021,SDP
506,Dylan Carlson,3.1,2021,STL
507,Nick Castellanos,3.4,2021,CIN
508,Starlin Castro,1.1,2021,WSN
509,Willi Castro,-0.7,2021,DET
510,Matt Chapman,3.5,2021,OAK
511,Jazz Chisholm Jr.,2.5,2021,MIA
512,Trent Grisham,3.3,2021,SDP
513,Michael Conforto,0.8,2021,NYM
514,Willson Contreras,4.1,2021,CHC
515,Carlos Correa,7.2,2021,HOU
516,J.P. Crawford,3.8,2021,SEA
517,Brandon Crawford,6.1,2021,SFG
518,C.J. Cron,3.3,2021,COL
519,Jake Cronenworth,4.8,2021,SDP
520,Nelson Cruz,2.5,2021,"MIN,TBR"
521,Bobby Dalbec,0.3,2021,BOS
522,Paul DeJong,1.5,2021,STL
523,Rafael Devers,3.7,2021,BOS
524,Yandy DÃ­az,1.5,2021,TBR
525,Elias DÃ­az,2.2,2021,COL
526,Alex Dickerson,-0.1,2021,SFG
527,Corey Dickerson,0.2,2021,"MIA,TOR"
528,Josh Donaldson,3.2,2021,MIN
529,Steven Duggar,2.2,2021,SFG
530,Adam Duvall,3.1,2021,"ATL,MIA"
531,Jarrod Dyson,0.2,2021,"KCR,TOR"
532,Adam Eaton,-0.7,2021,"CHW,LAA"
533,Tommy Edman,3.5,2021,STL
534,Eduardo Escobar,2.5,2021,"ARI,MIL"
535,Santiago Espinal,2.4,2021,TOR
536,Kyle Farmer,1.3,2021,CIN
537,David Fletcher,1.8,2021,LAA
538,Ty France,4.4,2021,SEA
539,Maikel Franco,-1.5,2021,BAL
540,Adam Frazier,4,2021,"PIT,SDP"
541,Freddie Freeman,4.9,2021,ATL
542,Joey Gallo,4.6,2021,"NYY,TEX"
543,Freddy Galvis,1.3,2021,"BAL,PHI"
544,Ben Gamel,-0.3,2021,"CLE,PIT"
545,AvisaÃ­l GarcÃ­a,3,2021,MIL
546,Adolis GarcÃ­a,3.7,2021,TEX
547,Brett Gardner,1,2021,NYY
548,Paul Goldschmidt,6,2021,STL
549,Yan Gomes,2.5,2021,"OAK,WSN"
550,Lourdes Gurriel Jr.,2.6,2021,TOR
551,Yuli Gurriel,3.7,2021,HOU
552,Yasmani Grandal,3.7,2021,CHW
553,Didi Gregorius,-0.8,2021,PHI
554,Randal Grichuk,0.7,2021,TOR
555,Robbie Grossman,2.8,2021,DET
556,Vladimir Guerrero Jr.,6.7,2021,TOR
557,Kelvin GutiÃ©rrez,0,2021,"BAL,KCR"
558,Garrett Hampson,0.6,2021,COL
559,Mitch Haniger,3.1,2021,SEA
560,Ian Happ,1.7,2021,CHC
561,Bryce Harper,5.9,2021,PHI
562,Josh Harrison,2.1,2021,"OAK,WSN"
563,Ke'Bryan Hayes,2.3,2021,PIT
564,Austin Hays,3.2,2021,BAL
565,Austin Hedges,0,2021,CLE
566,Guillermo Heredia,0.4,2021,ATL
567,Teoscar HernÃ¡ndez,3.8,2021,TOR
568,CÃ©sar HernÃ¡ndez,0.5,2021,"CHW,CLE"
569,KikÃ© HernÃ¡ndez,5,2021,BOS
570,OdÃºbel Herrera,1.8,2021,PHI
571,Jason Heyward,0.4,2021,CHC
572,Rhys Hoskins,1.9,2021,PHI
573,Eric Hosmer,1,2021,SDP
574,Jose Iglesias,-0.7,2021,"BOS,LAA"
575,Jonathan India,4.1,2021,CIN
576,Ryan Jeffers,0.6,2021,MIN
577,Aaron Judge,6.1,2021,NYY
578,Jarred Kelenic,-1.8,2021,SEA
579,Carson Kelly,2.2,2021,ARI
580,Tony Kemp,3.4,2021,OAK
581,Max Kepler,2.1,2021,MIN
582,Kevin Kiermaier,3.3,2021,TBR
583,Isiah Kiner-Falefa,3.6,2021,TEX
584,Juan Lagares,-0.3,2021,LAA
585,RamÃ³n Laureano,2.6,2021,OAK
586,DJ LeMahieu,1.5,2021,NYY
587,Francisco Lindor,3,2021,NYM
588,Nicky Lopez,4.4,2021,KCR
589,Nathaniel Lowe,2.3,2021,TEX
590,Brandon Lowe,4.5,2021,TBR
591,Manny Machado,5,2021,SDP
592,MartÃ­n Maldonado,0,2021,HOU
593,Manuel Margot,2.7,2021,TBR
594,Starling Marte,4.7,2021,"MIA,OAK"
595,J.D. Martinez,3.1,2021,BOS
596,James McCann,-0.3,2021,NYM
597,Chas McCormick,2.3,2021,HOU
598,Andrew McCutchen,1.4,2021,PHI
599,Ryan McMahon,3.9,2021,COL
600,Whit Merrifield,3.8,2021,KCR
601,Yadier Molina,1.7,2021,STL
602,YoÃ¡n Moncada,4,2021,CHW
603,Colin Moran,-0.1,2021,PIT
604,Ryan Mountcastle,1,2021,BAL
605,Cedric Mullins,5.9,2021,BAL
606,Max Muncy,4.7,2021,LAD
607,Tom Murphy,0.9,2021,SEA
608,Sean Murphy,2.7,2021,OAK
609,Wil Myers,0.8,2021,SDP
610,Tyler Naquin,0.9,2021,CIN
611,Omar NarvÃ¡ez,1.5,2021,MIL
612,Kevin Newman,0.4,2021,PIT
613,Brandon Nimmo,3.5,2021,NYM
614,Matt Olson,5.8,2021,OAK
615,Tyler O'Neill,6.1,2021,STL
616,Rafael Ortega,2,2021,CHC
617,Shohei Ohtani,4.9,2021,LAA
618,Joc Pederson,0.1,2021,"ATL,CHC"
619,David Peralta,1.1,2021,ARI
620,Salvador Perez,5.5,2021,KCR
621,Tommy Pham,1.4,2021,SDP
622,Brett Phillips,2.3,2021,TBR
623,Kevin Pillar,0.5,2021,NYM
624,Gregory Polanco,-1.4,2021,PIT
625,Jorge Polanco,4.9,2021,MIN
626,AJ Pollock,2.9,2021,LAD
627,Buster Posey,3.5,2021,SFG
628,Jurickson Profar,0,2021,SDP
629,Harold RamÃ­rez,0.1,2021,CLE
630,JosÃ© RamÃ­rez,6.8,2021,CLE
631,J.T. Realmuto,3.5,2021,PHI
632,Hunter Renfroe,2.4,2021,BOS
633,Franmil Reyes,1.7,2021,CLE
634,Bryan Reynolds,5.9,2021,PIT
635,Austin Riley,6.3,2021,ATL
636,Anthony Rizzo,1.7,2021,"CHC,NYY"
637,VÃ­ctor Robles,-0.2,2021,WSN
638,Brendan Rodgers,1.4,2021,COL
639,Miguel Rojas,2.6,2021,MIA
640,Amed Rosario,2,2021,CLE
641,Eddie Rosario,1.1,2021,"ATL,CLE"
642,Gary SÃ¡nchez,0.7,2021,NYY
643,Miguel SanÃ³,1,2021,MIN
644,Anthony Santander,0.3,2021,BAL
645,Carlos Santana,-0.1,2021,KCR
646,Jonathan Schoop,1.9,2021,DET
647,Kyle Schwarber,3.2,2021,"BOS,WSN"
648,Corey Seager,3.6,2021,LAD
649,Kyle Seager,2,2021,SEA
650,Jean Segura,3.7,2021,PHI
651,Marcus Semien,7.1,2021,TOR
652,Pedro Severino,1,2021,BAL
653,Andrelton Simmons,1.5,2021,MIN
654,Austin Slater,1.4,2021,SFG
655,Dominic Smith,-0.7,2021,NYM
656,Pavin Smith,-0.2,2021,ARI
657,Will Smith,3.3,2021,LAD
658,Nick Solak,1,2021,TEX
659,Donovan Solano,1.1,2021,SFG
660,Jorge Soler,-0.1,2021,"ATL,KCR"
661,Juan Soto,7.1,2021,WSN
662,Jacob Stallings,3,2021,PIT
663,Giancarlo Stanton,3.1,2021,NYY
664,Max Stassi,1.8,2021,LAA
665,Trevor Story,4.2,2021,COL
666,Myles Straw,3.3,2021,"CLE,HOU"
667,Eugenio SuÃ¡rez,-0.5,2021,CIN
668,Dansby Swanson,2.1,2021,ATL
669,Raimel Tapia,0.9,2021,COL
670,Fernando Tatis Jr.,6.6,2021,SDP
671,Chris Taylor,2.5,2021,LAD
672,Michael A. Taylor,2.6,2021,KCR
673,Gleyber Torres,0.8,2021,NYY
674,Jose Trevino,0.1,2021,TEX
675,Kyle Tucker,5.7,2021,HOU
676,Trea Turner,6.4,2021,"LAD,WSN"
677,Justin Turner,3.5,2021,LAD
678,Justin Upton,-0.8,2021,LAA
679,Gio Urshela,0.6,2021,NYY
680,Andrew Vaughn,0.1,2021,CHW
681,Christian VÃ¡zquez,1.1,2021,BOS
682,Alex Verdugo,2.3,2021,BOS
683,Jonathan Villar,1.7,2021,NYM
684,Joey Votto,3.7,2021,CIN
685,LaMonte Wade Jr.,1.2,2021,SFG
686,Christian Walker,0.5,2021,ARI
687,Jared Walsh,2.8,2021,LAA
688,Joey Wendle,3.6,2021,TBR
689,Jesse Winker,2.9,2021,CIN
690,Kolten Wong,3.4,2021,MIL
691,Mike Yastrzemski,2.5,2021,SFG
692,Christian Yelich,1.3,2021,MIL
693,Bradley Zimmer,1.2,2021,CLE
694,Mike Zunino,3.7,2021,TBR
695,JosÃ© Abreu,2.5,2019,CHW
696,Ronald AcuÃ±a Jr.,5.1,2019,ATL
697,Willy Adames,3.9,2019,TBR
698,Nick Ahmed,4.2,2019,ARI
699,Hanser Alberto,3.5,2019,BAL
700,Ozzie Albies,4.9,2019,ATL
701,Jorge Alfaro,1,2019,MIA
702,Greg Allen,0.3,2019,CLE
703,Albert Almora,-0.7,2019,CHC
704,Pete Alonso,5.5,2019,NYM
705,Jose Altuve,3.8,2019,HOU
706,Tim Anderson,4.2,2019,CHW
707,Elvis Andrus,1.5,2019,TEX
708,Orlando Arcia,-0.7,2019,MIL
709,Nolan Arenado,7.3,2019,COL
710,Harrison Bader,2.3,2019,STL
711,Javier BÃ¡ez,6.6,2019,CHC
712,Tucker Barnhart,0.5,2019,CIN
713,Josh Bell,2.8,2019,PIT
714,Cody Bellinger,8.6,2019,LAD
715,Brandon Belt,0.5,2019,SFG
716,Andrew Benintendi,1.8,2019,BOS
717,Mookie Betts,7.3,2019,BOS
718,Cavan Biggio,3,2019,TOR
719,Charlie Blackmon,2.3,2019,COL
720,Xander Bogaerts,6.3,2019,BOS
721,Jackie Bradley Jr.,2,2019,BOS
722,Michael Brantley,4.8,2019,HOU
723,Ryan Braun,1.7,2019,MIL
724,Alex Bregman,8.9,2019,HOU
725,Keon Broxton,-0.6,2019,"BAL,NYM,SEA"
726,Kris Bryant,4.4,2019,CHC
727,Byron Buxton,3,2019,MIN
728,AsdrÃºbal Cabrera,0.7,2019,"TEX,WSN"
729,Melky Cabrera,-1.3,2019,PIT
730,Miguel Cabrera,0,2019,DET
731,Lorenzo Cain,2.6,2019,MIL
732,Kole Calhoun,1.6,2019,LAA
733,Mark Canha,4.2,2019,OAK
734,Robinson CanÃ³,0.6,2019,NYM
735,Matt Carpenter,1.1,2019,STL
736,Nick Castellanos,2.8,2019,"CHC,DET"
737,Starlin Castro,1.1,2019,MIA
738,Matt Chapman,7.8,2019,OAK
739,Robinson Chirinos,3.9,2019,HOU
740,Jiman Choi,2.1,2019,TBR
741,Shin-Soo Choo,1.6,2019,TEX
742,Michael Conforto,3.6,2019,NYM
743,Willson Contreras,3.2,2019,CHC
744,Ryan Cordell,-0.6,2019,CHW
745,J.P. Crawford,1.6,2019,SEA
746,Brandon Crawford,-0.5,2019,SFG
747,C.J. Cron,1.4,2019,MIN
748,Nelson Cruz,4.4,2019,MIN
749,David Dahl,0.8,2019,COL
750,Travis d'Arnaud,1,2019,"LAD,NYM,TBR"
751,Khris Davis,-0.2,2019,OAK
752,Chris Davis,-1,2019,BAL
753,Paul DeJong,5.3,2019,STL
754,Delino DeShields,1.3,2019,TEX
755,Ian Desmond,-1.5,2019,COL
756,Rafael Devers,5.4,2019,BOS
757,Elias DÃ­az,-1.1,2019,PIT
758,Josh Donaldson,5.4,2019,ATL
759,Hunter Dozier,2.8,2019,KCR
760,Brian Dozier,1.3,2019,WSN
761,Jarrod Dyson,1.4,2019,ARI
762,Adam Eaton,1.8,2019,WSN
763,Adam Engel,0.9,2019,CHW
764,Phil Ervin,0.9,2019,CIN
765,Eduardo Escobar,3.3,2019,ARI
766,David Fletcher,3.8,2019,LAA
767,Tyler Flowers,-0.2,2019,ATL
768,Dexter Fowler,1.4,2019,STL
769,Maikel Franco,-0.2,2019,PHI
770,Adam Frazier,2.5,2019,PIT
771,Todd Frazier,2.1,2019,NYM
772,Freddie Freeman,3.7,2019,ATL
773,Freddy Galvis,3.1,2019,"CIN,TOR"
774,Ben Gamel,0.6,2019,MIL
775,AvisaÃ­l GarcÃ­a,2.2,2019,TBR
776,Leury GarcÃ­a,1.3,2019,CHW
777,Brett Gardner,4.3,2019,NYY
778,Mitch Garver,4.1,2019,MIN
779,Paul Goldschmidt,2.6,2019,STL
780,Yan Gomes,1.4,2019,WSN
781,Brian Goodwin,2.2,2019,LAA
782,Alex Gordon,0.9,2019,KCR
783,Yuli Gurriel,3.9,2019,HOU
784,Yasmani Grandal,2.4,2019,MIL
785,Curtis Granderson,-0.6,2019,MIA
786,Didi Gregorius,0.4,2019,NYY
787,Randal Grichuk,0.7,2019,TOR
788,Robbie Grossman,1,2019,OAK
789,Vladimir Guerrero Jr.,2.1,2019,TOR
790,Ronald GuzmÃ¡n,0,2019,TEX
791,Billy Hamilton,0.4,2019,"ATL,KCR"
792,Bryce Harper,4.4,2019,PHI
793,Austin Hedges,-0.7,2019,SDP
794,Teoscar HernÃ¡ndez,1.4,2019,TOR
795,CÃ©sar HernÃ¡ndez,1.9,2019,PHI
796,KikÃ© HernÃ¡ndez,2,2019,LAD
797,Jason Heyward,2.4,2019,CHC
798,Keston Hiura,1.9,2019,MIL
799,Rhys Hoskins,2,2019,PHI
800,Eric Hosmer,-0.5,2019,SDP
801,Jose Iglesias,1,2019,CIN
802,Danny Jansen,1.1,2019,TOR
803,Eloy JimÃ©nez,1.5,2019,CHW
804,Adam Jones,-0.8,2019,ARI
805,JaCoby Jones,-0.1,2019,DET
806,Matt Joyce,0.8,2019,ATL
807,Aaron Judge,5.6,2019,NYY
808,Carson Kelly,1.7,2019,ARI
809,Max Kepler,4,2019,MIN
810,Kevin Kiermaier,2.4,2019,TBR
811,Jason Kipnis,0.6,2019,CLE
812,Juan Lagares,-0.7,2019,NYM
813,RamÃ³n Laureano,3.5,2019,OAK
814,Francisco Lindor,4.8,2019,CLE
815,Evan Longoria,2.4,2019,SFG
816,Jonathan Lucroy,-1,2019,"CHC,LAA"
817,Manny Machado,2.6,2019,SDP
818,MartÃ­n Maldonado,1.2,2019,"CHC,HOU,KCR"
819,Trey Mancini,3.7,2019,BAL
820,Manuel Margot,1.9,2019,SDP
821,Jake Marisnick,1.5,2019,HOU
822,Nick Markakis,0.7,2019,ATL
823,Ketel Marte,6.9,2019,ARI
824,Starling Marte,2.9,2019,PIT
825,J.D. Martinez,3.5,2019,BOS
826,Richie Martin,-1,2019,BAL
827,Jeff Mathis,-1.5,2019,TEX
828,Nomar Mazara,1,2019,TEX
829,Brian McCann,0.2,2019,ATL
830,James McCann,3.6,2019,CHW
831,Ryan McMahon,1.7,2019,COL
832,Jeff McNeil,5.1,2019,NYM
833,Austin Meadows,3.9,2019,TBR
834,Ã“scar Mercado,2.3,2019,CLE
835,Whit Merrifield,3.6,2019,KCR
836,Yadier Molina,1.3,2019,STL
837,YoÃ¡n Moncada,5.2,2019,CHW
838,Adalberto MondesÃ­,2.1,2019,KCR
839,Colin Moran,-1,2019,PIT
840,Mitch Moreland,1.3,2019,BOS
841,Mike Moustakas,2.6,2019,MIL
842,Daniel Murphy,0.6,2019,COL
843,Wil Myers,-0.4,2019,SDP
844,Tyler Naquin,1.4,2019,CLE
845,Omar NarvÃ¡ez,2.2,2019,SEA
846,Kevin Newman,3,2019,PIT
847,Renato NÃºÃ±ez,0.4,2019,BAL
848,Rougned Odor,-0.3,2019,TEX
849,Ryan O'Hearn,-1.5,2019,KCR
850,Matt Olson,4.9,2019,OAK
851,Shohei Ohtani,2.5,2019,LAA
852,Marcell Ozuna,2.3,2019,STL
853,Joe Panik,-0.7,2019,"NYM,SFG"
854,Joc Pederson,2.8,2019,LAD
855,David Peralta,1.6,2019,ARI
856,Roberto PÃ©rez,4,2019,CLE
857,Tommy Pham,3.9,2019,TBR
858,Josh Phegley,0.3,2019,OAK
859,Kevin Pillar,0.4,2019,"SFG,TOR"
860,Stephen Piscotty,0.9,2019,OAK
861,Jorge Polanco,4.7,2019,MIN
862,AJ Pollock,0.1,2019,LAD
863,Buster Posey,0.8,2019,SFG
864,Jurickson Profar,-0.1,2019,OAK
865,Yasiel Puig,0.9,2019,"CIN,CLE"
866,Albert Pujols,0.3,2019,LAA
867,Harold RamÃ­rez,0.1,2019,MIA
868,JosÃ© RamÃ­rez,3.1,2019,CLE
869,Wilson Ramos,2.1,2019,NYM
870,J.T. Realmuto,4.5,2019,PHI
871,Josh Reddick,1.3,2019,HOU
872,Anthony Rendon,7.1,2019,WSN
873,Hunter Renfroe,2.4,2019,SDP
874,Luis Rengifo,1.1,2019,LAA
875,Franmil Reyes,0.3,2019,"CLE,SDP"
876,Bryan Reynolds,4.2,2019,PIT
877,Anthony Rizzo,4.3,2019,CHC
878,VÃ­ctor Robles,4.4,2019,WSN
879,Miguel Rojas,0.9,2019,MIA
880,Amed Rosario,3,2019,NYM
881,Eddie Rosario,1.5,2019,MIN
882,Rio Ruiz,0.3,2019,BAL
883,Gary SÃ¡nchez,3.1,2019,NYY
884,Yolmer SÃ¡nchez,1.4,2019,CHW
885,Miguel SanÃ³,2.5,2019,MIN
886,Anthony Santander,1.5,2019,BAL
887,Carlos Santana,4.5,2019,CLE
888,Domingo Santana,0.5,2019,SEA
889,Jonathan Schoop,1.5,2019,MIN
890,Kyle Schwarber,2.3,2019,CHC
891,Corey Seager,2.9,2019,LAD
892,Kyle Seager,3.2,2019,SEA
893,Jean Segura,1.7,2019,PHI
894,Marcus Semien,8.5,2019,OAK
895,Nick Senzel,0.1,2019,CIN
896,Pedro Severino,1.1,2019,BAL
897,Andrelton Simmons,1.5,2019,LAA
898,Dwight Smith Jr.,-0.5,2019,BAL
899,Mallex Smith,0,2019,SEA
900,Justin Smoak,0.7,2019,TOR
901,Jorge Soler,3.5,2019,KCR
902,Juan Soto,5,2019,WSN
903,George Springer,6.4,2019,HOU
904,Christin Stewart,-0.3,2019,DET
905,Trevor Story,7,2019,COL
906,Dee Strange-Gordon,1.1,2019,SEA
907,Eugenio SuÃ¡rez,3.4,2019,CIN
908,Dansby Swanson,1.1,2019,ATL
909,Raimel Tapia,-0.6,2019,COL
910,Fernando Tatis Jr.,4.2,2019,SDP
911,Mike Tauchman,4,2019,NYY
912,Eric Thames,1.4,2019,MIL
913,Mike Trout,7.9,2019,LAA
914,Trea Turner,4,2019,WSN
915,Justin Turner,3.8,2019,LAD
916,Gio Urshela,3.8,2019,NYY
917,Christian VÃ¡zquez,2.3,2019,BOS
918,Alex Verdugo,3,2019,LAD
919,Jonathan Villar,4.3,2019,BAL
920,Daniel Vogelbach,1.1,2019,SEA
921,Luke Voit,1.3,2019,NYY
922,Joey Votto,1.4,2019,CIN
923,Christian Walker,2.8,2019,ARI
924,Stevie Wilkerson,-0.7,2019,BAL
925,Jesse Winker,0.9,2019,CIN
926,Tony Wolters,1.7,2019,COL
927,Kolten Wong,5.1,2019,STL
928,Mike Yastrzemski,2.6,2019,SFG
929,Christian Yelich,7,2019,MIL
930,Mike Zunino,-0.2,2019,TBR
931,JosÃ© Abreu,2,2018,CHW
932,Ronald AcuÃ±a Jr.,3.9,2018,ATL
933,JesÃºs Aguilar,3.4,2018,MIL
934,Nick Ahmed,4.1,2018,ARI
935,Ozzie Albies,4.1,2018,ATL
936,Jorge Alfaro,1.6,2018,PHI
937,Greg Allen,0.4,2018,CLE
938,Albert Almora,2.2,2018,CHC
939,Yonder Alonso,1.5,2018,CLE
940,Jose Altuve,5.1,2018,HOU
941,Tim Anderson,3.7,2018,CHW
942,Brian Anderson,3,2018,MIA
943,Elvis Andrus,1.7,2018,TEX
944,Miguel Andujar,2.9,2018,NYY
945,Orlando Arcia,0.4,2018,MIL
946,Nolan Arenado,6.4,2018,COL
947,Harrison Bader,3.4,2018,STL
948,Javier BÃ¡ez,6.4,2018,CHC
949,Tucker Barnhart,0.8,2018,CIN
950,Josh Bell,0.7,2018,PIT
951,Cody Bellinger,4.2,2018,LAD
952,Brandon Belt,2.5,2018,SFG
953,Andrew Benintendi,4.8,2018,BOS
954,Mookie Betts,10.7,2018,BOS
955,Charlie Blackmon,1,2018,COL
956,Xander Bogaerts,4.9,2018,BOS
957,Justin Bour,0.2,2018,"MIA,PHI"
958,Jackie Bradley Jr.,2.5,2018,BOS
959,Michael Brantley,3.8,2018,CLE
960,Ryan Braun,0.9,2018,MIL
961,Alex Bregman,7.9,2018,HOU
962,Lewis Brinson,-1,2018,MIA
963,Kris Bryant,2.3,2018,CHC
964,AsdrÃºbal Cabrera,1,2018,"NYM,PHI"
965,Lorenzo Cain,6.9,2018,MIL
966,Kole Calhoun,0,2018,LAA
967,Johan Camargo,3.2,2018,ATL
968,Jeimer Candelario,0.9,2018,DET
969,Mark Canha,1.7,2018,OAK
970,Matt Carpenter,4.4,2018,STL
971,Nick Castellanos,2.8,2018,DET
972,Starlin Castro,1.7,2018,MIA
973,Jake Cave,1.7,2018,MIN
974,Francisco Cervelli,2.9,2018,PIT
975,Matt Chapman,7.6,2018,OAK
976,Robinson Chirinos,1.7,2018,TEX
977,Shin-Soo Choo,2.7,2018,TEX
978,Michael Conforto,2.7,2018,NYM
979,Willson Contreras,3.1,2018,CHC
980,Carlos Correa,3.1,2018,HOU
981,Brandon Crawford,1.5,2018,SFG
982,Nelson Cruz,2.9,2018,SEA
983,Khris Davis,2.9,2018,OAK
984,Chris Davis,-3.3,2018,BAL
985,Paul DeJong,2.9,2018,STL
986,Delino DeShields,1.2,2018,TEX
987,Ian Desmond,-0.1,2018,COL
988,Rafael Devers,0.2,2018,BOS
989,Aledmys DÃ­az,2.1,2018,TOR
990,Corey Dickerson,3.6,2018,PIT
991,Derek Dietrich,-0.3,2018,MIA
992,Wilmer Difo,-0.2,2018,WSN
993,Brian Dozier,1,2018,"LAD,MIN"
994,Matt Duffy,2.9,2018,TBR
995,Adam Duvall,0.8,2018,"ATL,CIN"
996,Edwin EncarnaciÃ³n,1.9,2018,CLE
997,Adam Engel,1.2,2018,CHW
998,Alcides Escobar,-2.2,2018,KCR
999,Eduardo Escobar,3.1,2018,"ARI,MIN"
1000,Wilmer Flores,0.8,2018,NYM
1001,Logan Forsythe,0,2018,"LAD,MIN"
1002,Maikel Franco,0.4,2018,PHI
1003,Todd Frazier,2.5,2018,NYM
1004,Freddie Freeman,5.5,2018,ATL
1005,Joey Gallo,2.4,2018,TEX
1006,Freddy Galvis,1.9,2018,SDP
1007,Ben Gamel,0.5,2018,SEA
1008,AvisaÃ­l GarcÃ­a,0.5,2018,CHW
1009,Brett Gardner,3.3,2018,NYY
1010,Mitch Garver,1,2018,MIN
1011,Evan Gattis,0.2,2018,HOU
1012,Scooter Gennett,3,2018,CIN
1013,Paul Goldschmidt,5.5,2018,ARI
1014,Yan Gomes,2.7,2018,CLE
1015,Carlos GÃ³mez,0.7,2018,TBR
1016,Carlos GonzÃ¡lez,0.8,2018,COL
1017,Alex Gordon,2,2018,KCR
1018,Yuli Gurriel,2.7,2018,HOU
1019,Yasmani Grandal,3.6,2018,LAD
1020,Curtis Granderson,1,2018,"MIL,TOR"
1021,Didi Gregorius,4.9,2018,NYY
1022,Randal Grichuk,2.5,2018,TOR
1023,Robbie Grossman,1.5,2018,MIN
1024,Brandon Guyer,-0.2,2018,CLE
1025,Ronald GuzmÃ¡n,0.8,2018,TEX
1026,Jedd Gyorko,0.8,2018,STL
1027,Billy Hamilton,0.7,2018,CIN
1028,Mitch Haniger,6.5,2018,SEA
1029,Ian Happ,0.8,2018,CHC
1030,Bryce Harper,1.8,2018,WSN
1031,Josh Harrison,0.5,2018,PIT
1032,Ryon Healy,-0.6,2018,SEA
1033,Adeiny HechavarrÃ­a,0.6,2018,"NYY,PIT,TBR"
1034,Austin Hedges,1.2,2018,SDP
1035,Guillermo Heredia,0.4,2018,SEA
1036,Teoscar HernÃ¡ndez,0.5,2018,TOR
1037,CÃ©sar HernÃ¡ndez,2.1,2018,PHI
1038,KikÃ© HernÃ¡ndez,3.5,2018,LAD
1039,Gorkys HernÃ¡ndez,0.2,2018,SFG
1040,OdÃºbel Herrera,0.5,2018,PHI
1041,Jason Heyward,2.1,2018,CHC
1042,Aaron Hicks,4.4,2018,NYY
1043,Rhys Hoskins,1.1,2018,PHI
1044,Eric Hosmer,0.9,2018,SDP
1045,Nick Hundley,0.3,2018,SFG
1046,Chris Iannetta,-0.6,2018,COL
1047,Jose Iglesias,2,2018,DET
1048,Ender Inciarte,3.2,2018,ATL
1049,Austin Jackson,-1.4,2018,"NYM,SFG"
1050,Travis Jankowski,1.3,2018,SDP
1051,Jon Jay,0.5,2018,"ARI,KCR"
1052,Adam Jones,0.6,2018,BAL
1053,JaCoby Jones,1.8,2018,DET
1054,Caleb Joseph,0.3,2018,BAL
1055,Aaron Judge,5.9,2018,NYY
1056,Tony Kemp,0.6,2018,HOU
1057,Matt Kemp,1.2,2018,LAD
1058,Max Kepler,3.5,2018,MIN
1059,Kevin Kiermaier,2.3,2018,TBR
1060,Scott Kingery,-0.6,2018,PHI
1061,Ian Kinsler,2.4,2018,"BOS,LAA"
1062,Jason Kipnis,1.2,2018,CLE
1063,Tommy La Stella,0.1,2018,CHC
1064,DJ LeMahieu,2.9,2018,COL
1065,Sandy LeÃ³n,-0.5,2018,BOS
1066,Francisco Lindor,7.2,2018,CLE
1067,Evan Longoria,1.4,2018,SFG
1068,Jed Lowrie,4,2018,OAK
1069,Jonathan Lucroy,-0.6,2018,OAK
1070,Manny Machado,6.1,2018,"BAL,LAD"
1071,MartÃ­n Maldonado,0.4,2018,"HOU,LAA"
1072,Trey Mancini,0.8,2018,BAL
1073,Manuel Margot,1.3,2018,SDP
1074,Jake Marisnick,1.8,2018,HOU
1075,Nick Markakis,2.6,2018,ATL
1076,Ketel Marte,3.9,2018,ARI
1077,Starling Marte,4,2018,PIT
1078,Victor Martinez,-1.3,2018,DET
1079,J.D. Martinez,6.7,2018,BOS
1080,Leonys MartÃ­n,1.7,2018,"CLE,DET"
1081,JosÃ© MartÃ­nez,1.8,2018,STL
1082,Joe Mauer,1.4,2018,MIN
1083,Cameron Maybin,0.6,2018,"MIA,SEA"
1084,Nomar Mazara,0.5,2018,TEX
1085,James McCann,-0.7,2018,DET
1086,Andrew McCutchen,2.5,2018,"NYY,SFG"
1087,Jordy Mercer,0.5,2018,PIT
1088,Whit Merrifield,4.5,2018,KCR
1089,Yadier Molina,1.5,2018,STL
1090,YoÃ¡n Moncada,1.4,2018,CHW
1091,Kendrys Morales,0.8,2018,TOR
1092,Colin Moran,0.8,2018,PIT
1093,Mitch Moreland,1.5,2018,BOS
1094,Mike Moustakas,2,2018,"KCR,MIL"
1095,Max Muncy,4.3,2018,LAD
1096,Omar NarvÃ¡ez,1.8,2018,CHW
1097,Brandon Nimmo,4.6,2018,NYM
1098,Rougned Odor,2.5,2018,TEX
1099,Matt Olson,3.7,2018,OAK
1100,Shohei Ohtani,2.7,2018,LAA
1101,Marcell Ozuna,2.4,2018,STL
1102,Joe Panik,-0.3,2018,SFG
1103,Gerardo Parra,0.4,2018,COL
1104,Joc Pederson,2.2,2018,LAD
1105,David Peralta,3.4,2018,ARI
1106,JosÃ© Peraza,2.2,2018,CIN
1107,Salvador Perez,2.3,2018,KCR
1108,Tommy Pham,3.4,2018,"STL,TBR"
1109,Kevin Pillar,2.3,2018,TOR
1110,Manny PiÃ±a,1.1,2018,MIL
1111,Stephen Piscotty,2.9,2018,OAK
1112,Gregory Polanco,2.2,2018,PIT
1113,AJ Pollock,2.2,2018,ARI
1114,Buster Posey,2.8,2018,SFG
1115,Yasiel Puig,2.3,2018,LAD
1116,JosÃ© RamÃ­rez,7.5,2018,CLE
1117,Wilson Ramos,2.5,2018,"PHI,TBR"
1118,J.T. Realmuto,4.5,2018,MIA
1119,Josh Reddick,1.7,2018,HOU
1120,Anthony Rendon,5.1,2018,WSN
1121,Hunter Renfroe,2.4,2018,SDP
1122,JT Riddle,1.5,2018,MIA
1123,Anthony Rizzo,3.1,2018,CHC
1124,Miguel Rojas,1.1,2018,MIA
1125,Amed Rosario,1.1,2018,NYM
1126,Eddie Rosario,4.3,2018,MIN
1127,Addison Russell,2.4,2018,CHC
1128,Yolmer SÃ¡nchez,2.5,2018,CHW
1129,Carlos Santana,2,2018,PHI
1130,Scott Schebler,0.9,2018,CIN
1131,Jonathan Schoop,2.4,2018,"BAL,MIL"
1132,Kyle Schwarber,2.1,2018,CHC
1133,Kyle Seager,1.1,2018,SEA
1134,Jean Segura,3.7,2018,SEA
1135,Marcus Semien,4.4,2018,OAK
1136,Travis Shaw,4.5,2018,MIL
1137,Andrelton Simmons,5.7,2018,LAA
1138,Mallex Smith,3.5,2018,TBR
1139,Justin Smoak,2.5,2018,TOR
1140,Yangervis Solarte,-0.3,2018,TOR
1141,Juan Soto,3,2018,WSN
1142,Denard Span,2,2018,"SEA,TBR"
1143,George Springer,2.9,2018,HOU
1144,Giancarlo Stanton,4.4,2018,NYY
1145,Max Stassi,1.1,2018,HOU
1146,Trevor Story,6.2,2018,COL
1147,Dee Strange-Gordon,1.2,2018,SEA
1148,Eugenio SuÃ¡rez,4,2018,CIN
1149,Kurt Suzuki,2.1,2018,ATL
1150,Dansby Swanson,2.2,2018,ATL
1151,Chris Taylor,4.3,2018,LAD
1152,Michael A. Taylor,1.3,2018,WSN
1153,Gleyber Torres,3.6,2018,NYY
1154,Devon Travis,0.7,2018,TOR
1155,Mike Trout,9.9,2018,LAA
1156,Trea Turner,4.7,2018,WSN
1157,Justin Turner,4.7,2018,LAD
1158,Justin Upton,3.7,2018,LAA
1159,Christian Villanueva,1.8,2018,SDP
1160,Jonathan Villar,2.9,2018,"BAL,MIL"
1161,Joey Votto,3.6,2018,CIN
1162,Joey Wendle,4.9,2018,TBR
1163,Nick Williams,-0.5,2018,PHI
1164,Kolten Wong,2.9,2018,STL
1165,Christian Yelich,7.3,2018,MIL
1166,Ben Zobrist,3.5,2018,CHC
1167,Mike Zunino,1.9,2018,SEA
1168,JosÃ© Abreu,4.9,2017,CHW
1169,Albert Almora,1.4,2017,CHC
1170,Yonder Alonso,2.1,2017,"OAK,SEA"
1171,Aaron Altherr,1.7,2017,PHI
1172,Jose Altuve,7.7,2017,HOU
1173,Tim Anderson,-0.4,2017,CHW
1174,Elvis Andrus,5.4,2017,TEX
1175,Nori Aoki,0.7,2017,"HOU,NYM,TOR"
1176,Orlando Arcia,2.3,2017,MIL
1177,Nolan Arenado,6.7,2017,COL
1178,Carlos Asuaje,0.7,2017,SDP
1179,Erick Aybar,-0.3,2017,SDP
1180,Javier BÃ¡ez,2.6,2017,CHC
1181,Tucker Barnhart,3.6,2017,CIN
1182,JosÃ© Bautista,-1,2017,TOR
1183,Tim Beckham,2.5,2017,"BAL,TBR"
1184,Josh Bell,0.7,2017,PIT
1185,Cody Bellinger,3.9,2017,LAD
1186,Brandon Belt,2.8,2017,SFG
1187,Carlos BeltrÃ¡n,-0.8,2017,HOU
1188,Andrew Benintendi,2.8,2017,BOS
1189,Mookie Betts,6.4,2017,BOS
1190,Charlie Blackmon,5.5,2017,COL
1191,Xander Bogaerts,2.3,2017,BOS
1192,Jorge Bonifacio,0.4,2017,KCR
1193,Justin Bour,2.5,2017,MIA
1194,Peter Bourjos,0.6,2017,TBR
1195,Jackie Bradley Jr.,3.4,2017,BOS
1196,Michael Brantley,2.4,2017,CLE
1197,Ryan Braun,0.9,2017,MIL
1198,Alex Bregman,4,2017,HOU
1199,Keon Broxton,0.5,2017,MIL
1200,Jay Bruce,2.8,2017,"CLE,NYM"
1201,Kris Bryant,5.7,2017,CHC
1202,Byron Buxton,4.9,2017,MIN
1203,Melky Cabrera,-0.2,2017,"CHW,KCR"
1204,Miguel Cabrera,-0.9,2017,DET
1205,Lorenzo Cain,5.5,2017,KCR
1206,Kole Calhoun,2,2017,LAA
1207,Robinson CanÃ³,2.9,2017,SEA
1208,Matt Carpenter,2.8,2017,STL
1209,Ezequiel Carrera,-0.1,2017,TOR
1210,Nick Castellanos,0.1,2017,DET
1211,Welington Castillo,2.3,2017,BAL
1212,Jason Castro,2.6,2017,MIN
1213,Starlin Castro,2,2017,NYY
1214,Matt Chapman,3.2,2017,OAK
1215,Robinson Chirinos,2.5,2017,TEX
1216,Michael Conforto,3.7,2017,NYM
1217,Willson Contreras,3.9,2017,CHC
1218,Carlos Correa,6.7,2017,HOU
1219,Zack Cozart,5.2,2017,CIN
1220,Brandon Crawford,2.1,2017,SFG
1221,C.J. Cron,1.1,2017,LAA
1222,Nelson Cruz,4.3,2017,SEA
1223,Travis d'Arnaud,1.2,2017,NYM
1224,Khris Davis,2.7,2017,OAK
1225,Rajai Davis,0.4,2017,"BOS,OAK"
1226,Chris Davis,-0.6,2017,BAL
1227,Paul DeJong,2.7,2017,STL
1228,Delino DeShields,1.6,2017,TEX
1229,Corey Dickerson,2.7,2017,TBR
1230,Derek Dietrich,1.2,2017,MIA
1231,Josh Donaldson,4.6,2017,TOR
1232,Brian Dozier,4.7,2017,MIN
1233,Brandon Drury,1.4,2017,ARI
1234,Lucas Duda,1.5,2017,"NYM,TBR"
1235,Adam Duvall,2,2017,CIN
1236,Jarrod Dyson,2.7,2017,SEA
1237,Jacoby Ellsbury,1.8,2017,NYY
1238,Edwin EncarnaciÃ³n,2.8,2017,CLE
1239,Adam Engel,-0.7,2017,CHW
1240,Alcides Escobar,-0.7,2017,KCR
1241,Yunel Escobar,0.3,2017,LAA
1242,Tyler Flowers,2,2017,ATL
1243,Logan Forsythe,1.9,2017,LAD
1244,Dexter Fowler,1.8,2017,STL
1245,Maikel Franco,0,2017,PHI
1246,Todd Frazier,2.9,2017,"CHW,NYY"
1247,Freddie Freeman,4.7,2017,ATL
1248,David Freese,2.2,2017,PIT
1249,Freddy Galvis,2.1,2017,PHI
1250,Ben Gamel,1,2017,SEA
1251,AvisaÃ­l GarcÃ­a,4.4,2017,CHW
1252,Brett Gardner,5,2017,NYY
1253,Scooter Gennett,2,2017,CIN
1254,Ryan Goins,1,2017,TOR
1255,Paul Goldschmidt,6.3,2017,ARI
1256,Yan Gomes,1.3,2017,CLE
1257,Carlos GÃ³mez,1.4,2017,TEX
1258,Carlos GonzÃ¡lez,-0.2,2017,COL
1259,Alex Gordon,-0.2,2017,KCR
1260,Yuli Gurriel,2.8,2017,HOU
1261,Yasmani Grandal,2.3,2017,LAD
1262,Curtis Granderson,1.5,2017,"LAD,NYM"
1263,Didi Gregorius,4.5,2017,NYY
1264,Randal Grichuk,0.6,2017,STL
1265,Jedd Gyorko,2.8,2017,STL
1266,Billy Hamilton,1.3,2017,CIN
1267,Mitch Haniger,3.1,2017,SEA
1268,Ian Happ,1.5,2017,CHC
1269,Bryce Harper,4.8,2017,WSN
1270,Josh Harrison,3.6,2017,PIT
1271,Chase Headley,2,2017,NYY
1272,Adeiny HechavarrÃ­a,0.4,2017,"MIA,TBR"
1273,Austin Hedges,0.9,2017,SDP
1274,Guillermo Heredia,1.3,2017,SEA
1275,CÃ©sar HernÃ¡ndez,2.8,2017,PHI
1276,Gorkys HernÃ¡ndez,-0.7,2017,SFG
1277,OdÃºbel Herrera,2.7,2017,PHI
1278,Jason Heyward,2.2,2017,CHC
1279,Aaron Hicks,3.9,2017,NYY
1280,Matt Holliday,-0.1,2017,NYY
1281,Eric Hosmer,4.3,2017,KCR
1282,Nick Hundley,0.4,2017,SFG
1283,Jose Iglesias,0.6,2017,DET
1284,Ender Inciarte,2.7,2017,ATL
1285,Austin Jackson,1.9,2017,CLE
1286,Jon Jay,1,2017,CHC
1287,Adam Jones,2.6,2017,BAL
1288,Tommy Joseph,-1.1,2017,PHI
1289,Matt Joyce,2,2017,OAK
1290,Aaron Judge,8,2017,NYY
1291,Matt Kemp,-1.3,2017,ATL
1292,Max Kepler,1.9,2017,MIN
1293,Kevin Kiermaier,4.8,2017,TBR
1294,Ian Kinsler,2,2017,DET
1295,Juan Lagares,2.1,2017,NYM
1296,Jake Lamb,2,2017,ARI
1297,DJ LeMahieu,3.4,2017,COL
1298,Sandy LeÃ³n,0.7,2017,BOS
1299,Francisco Lindor,5.7,2017,CLE
1300,Evan Longoria,3.1,2017,TBR
1301,Jed Lowrie,3.6,2017,OAK
1302,Jonathan Lucroy,0.5,2017,"COL,TEX"
1303,Manny Machado,3.8,2017,BAL
1304,Mikie Mahtook,0.1,2017,DET
1305,MartÃ­n Maldonado,1.7,2017,LAA
1306,Trey Mancini,2.4,2017,BAL
1307,Manuel Margot,2.4,2017,SDP
1308,Jake Marisnick,2,2017,HOU
1309,Nick Markakis,0.8,2017,ATL
1310,Russell Martin,1.7,2017,TOR
1311,Victor Martinez,-0.5,2017,DET
1312,J.D. Martinez,3.9,2017,"ARI,DET"
1313,Joe Mauer,3.9,2017,MIN
1314,Cameron Maybin,1.5,2017,"HOU,LAA"
1315,Nomar Mazara,-0.3,2017,TEX
1316,Brian McCann,0.8,2017,HOU
1317,James McCann,1.4,2017,DET
1318,Andrew McCutchen,3,2017,PIT
1319,Jordy Mercer,0.2,2017,PIT
1320,Whit Merrifield,3.2,2017,KCR
1321,Brad Miller,0.7,2017,TBR
1322,Yadier Molina,1.7,2017,STL
1323,Kendrys Morales,0,2017,TOR
1324,Mitch Moreland,1.9,2017,BOS
1325,Logan Morrison,3,2017,TBR
1326,Brandon Moss,-0.9,2017,KCR
1327,Mike Moustakas,1.6,2017,KCR
1328,Daniel Murphy,3.3,2017,WSN
1329,Wil Myers,2.1,2017,SDP
1330,Mike Napoli,-0.3,2017,TEX
1331,Omar NarvÃ¡ez,1.1,2017,CHW
1332,Rougned Odor,-0.5,2017,TEX
1333,Marcell Ozuna,5.6,2017,MIA
1334,Joe Panik,1.5,2017,SFG
1335,Gerardo Parra,0.7,2017,COL
1336,Steve Pearce,0.2,2017,TOR
1337,Joc Pederson,-0.4,2017,LAD
1338,Dustin Pedroia,2.6,2017,BOS
1339,Hunter Pence,0.1,2017,SFG
1340,David Peralta,2.4,2017,ARI
1341,HernÃ¡n PÃ©rez,0.7,2017,MIL
1342,Salvador Perez,2.5,2017,KCR
1343,Tommy Pham,6.2,2017,STL
1344,Brandon Phillips,0.9,2017,"ATL,LAA"
1345,Kevin Pillar,3,2017,TOR
1346,Manny PiÃ±a,2.6,2017,MIL
1347,Stephen Piscotty,0.4,2017,STL
1348,Gregory Polanco,0.3,2017,PIT
1349,Jorge Polanco,1.4,2017,MIN
1350,AJ Pollock,2.9,2017,ARI
1351,Buster Posey,4,2017,SFG
1352,Yasiel Puig,3.4,2017,LAD
1353,Albert Pujols,-1.9,2017,LAA
1354,Hanley RamÃ­rez,-0.3,2017,BOS
1355,JosÃ© RamÃ­rez,7,2017,CLE
1356,J.T. Realmuto,4.4,2017,MIA
1357,Josh Reddick,4.5,2017,HOU
1358,Anthony Rendon,6.1,2017,WSN
1359,Hunter Renfroe,0.7,2017,SDP
1360,Ben Revere,0,2017,LAA
1361,JosÃ© Reyes,0.1,2017,NYM
1362,Mark Reynolds,0.6,2017,COL
1363,Joey Rickard,0.7,2017,BAL
1364,Anthony Rizzo,4.5,2017,CHC
1365,Eddie Rosario,1.6,2017,MIN
1366,Cameron Rupp,1,2017,PHI
1367,Addison Russell,1.9,2017,CHC
1368,Gary SÃ¡nchez,4,2017,NYY
1369,Miguel SanÃ³,2.8,2017,MIN
1370,Carlos Santana,3.3,2017,CLE
1371,Domingo Santana,2.6,2017,MIL
1372,Scott Schebler,1.2,2017,CIN
1373,Jonathan Schoop,6.5,2017,BAL
1374,Kyle Schwarber,0.1,2017,CHC
1375,Corey Seager,5.3,2017,LAD
1376,Kyle Seager,3.6,2017,SEA
1377,Jean Segura,3.7,2017,SEA
1378,Marcus Semien,1.8,2017,OAK
1379,Travis Shaw,3.5,2017,MIL
1380,Andrelton Simmons,7.9,2017,LAA
1381,Seth Smith,0.6,2017,BAL
1382,Justin Smoak,3,2017,TOR
1383,Steven Souza Jr.,3.9,2017,TBR
1384,Denard Span,-1.3,2017,SFG
1385,Cory Spangenberg,0.4,2017,SDP
1386,George Springer,5,2017,HOU
1387,Giancarlo Stanton,7.9,2017,MIA
1388,Trevor Story,2.6,2017,COL
1389,Dee Strange-Gordon,3.8,2017,MIA
1390,Eugenio SuÃ¡rez,3.5,2017,CIN
1391,Ichiro Suzuki,-0.2,2017,MIA
1392,Dansby Swanson,-0.1,2017,ATL
1393,Matt Szczur,0.3,2017,"CHC,SDP"
1394,Chris Taylor,4.4,2017,LAD
1395,Michael A. Taylor,2.7,2017,WSN
1396,Eric Thames,1,2017,MIL
1397,Mike Trout,6.9,2017,LAA
1398,Mark Trumbo,-0.5,2017,BAL
1399,Trea Turner,3,2017,WSN
1400,Justin Turner,5.6,2017,LAD
1401,Justin Upton,5.7,2017,"DET,LAA"
1402,Chase Utley,0.9,2017,LAD
1403,Danny Valencia,1,2017,SEA
1404,Christian VÃ¡zquez,0.9,2017,BOS
1405,Jonathan Villar,0.2,2017,MIL
1406,Stephen Vogt,-0.4,2017,"MIL,OAK"
1407,Joey Votto,8.1,2017,CIN
1408,Neil Walker,1.8,2017,"MIL,NYM"
1409,Matt Wieters,-0.9,2017,WSN
1410,Nick Williams,0.2,2017,PHI
1411,Kolten Wong,1.6,2017,STL
1412,Christian Yelich,3.7,2017,MIA
1413,Bradley Zimmer,1.6,2017,CLE
1414,Ryan Zimmerman,2.6,2017,WSN
1415,Ben Zobrist,0.1,2017,CHC
1416,Mike Zunino,3.4,2017,SEA
1417,JosÃ© Abreu,3.1,2016,CHW
1418,Matt Adams,0.5,2016,STL
1419,Nick Ahmed,0.4,2016,ARI
1420,Yonder Alonso,-0.2,2016,OAK
1421,Jose Altuve,7.9,2016,HOU
1422,Pedro Ãlvarez,0.9,2016,BAL
1423,Tim Anderson,2.4,2016,CHW
1424,Elvis Andrus,2.9,2016,TEX
1425,Nori Aoki,1.7,2016,SEA
1426,Nolan Arenado,5.9,2016,COL
1427,Erick Aybar,0.1,2016,"ATL,DET"
1428,Tucker Barnhart,0.9,2016,CIN
1429,JosÃ© Bautista,1.2,2016,TOR
1430,Brandon Belt,4.1,2016,SFG
1431,Adrian BeltrÃ©,6.7,2016,TEX
1432,Mookie Betts,9.5,2016,BOS
1433,Charlie Blackmon,4.6,2016,COL
1434,Xander Bogaerts,3.8,2016,BOS
1435,Justin Bour,1.3,2016,MIA
1436,Peter Bourjos,0.4,2016,PHI
1437,Michael Bourn,-0.2,2016,"ARI,BAL"
1438,Jackie Bradley Jr.,5.8,2016,BOS
1439,Ryan Braun,4.3,2016,MIL
1440,Jay Bruce,1,2016,"CIN,NYM"
1441,Kris Bryant,7.3,2016,CHC
1442,Billy Burns,-0.9,2016,"KCR,OAK"
1443,Byron Buxton,1.7,2016,MIN
1444,AsdrÃºbal Cabrera,3.3,2016,NYM
1445,Melky Cabrera,2.5,2016,CHW
1446,Miguel Cabrera,5.1,2016,DET
1447,Lorenzo Cain,3,2016,KCR
1448,Kole Calhoun,3.2,2016,LAA
1449,Robinson CanÃ³,7.3,2016,SEA
1450,Ezequiel Carrera,0.9,2016,TOR
1451,Chris Carter,0.9,2016,MIL
1452,Nick Castellanos,2.3,2016,DET
1453,Welington Castillo,2.2,2016,ARI
1454,Jason Castro,1,2016,HOU
1455,Starlin Castro,1.2,2016,NYY
1456,Francisco Cervelli,1.5,2016,PIT
1457,Yoenis CÃ©spedes,3,2016,NYM
1458,Lonnie Chisenhall,1.5,2016,CLE
1459,Michael Conforto,0.6,2016,NYM
1460,Carlos Correa,7,2016,HOU
1461,Zack Cozart,2.2,2016,CIN
1462,Brandon Crawford,5.5,2016,SFG
1463,Coco Crisp,0.4,2016,"CLE,OAK"
1464,C.J. Cron,1.9,2016,LAA
1465,Nelson Cruz,4.8,2016,SEA
1466,Cheslor Cuthbert,0.3,2016,KCR
1467,Khris Davis,2.5,2016,OAK
1468,Rajai Davis,0.9,2016,CLE
1469,Chris Davis,3.1,2016,BAL
1470,Ian Desmond,2.2,2016,TEX
1471,Aledmys DÃ­az,2.9,2016,STL
1472,Josh Donaldson,7.2,2016,TOR
1473,Brian Dozier,5.8,2016,MIN
1474,Brandon Drury,0,2016,ARI
1475,Adam Duvall,3.3,2016,CIN
1476,Jarrod Dyson,2.9,2016,KCR
1477,Adam Eaton,6.6,2016,CHW
1478,Jacoby Ellsbury,2.7,2016,NYY
1479,Edwin EncarnaciÃ³n,4.1,2016,TOR
1480,Alcides Escobar,0.7,2016,KCR
1481,Yunel Escobar,1.2,2016,LAA
1482,Danny Espinosa,2,2016,WSN
1483,Prince Fielder,-1.6,2016,TEX
1484,RamÃ³n Flores,-1.4,2016,MIL
1485,Tyler Flowers,0.4,2016,ATL
1486,Logan Forsythe,3.5,2016,TBR
1487,Dexter Fowler,4,2016,CHC
1488,Maikel Franco,0.6,2016,PHI
1489,Todd Frazier,3.4,2016,CHW
1490,Freddie Freeman,6.3,2016,ATL
1491,Freddy Galvis,1.1,2016,PHI
1492,Adonis GarcÃ­a,-0.2,2016,ATL
1493,Brett Gardner,3.2,2016,NYY
1494,Scooter Gennett,0.5,2016,MIL
1495,Johnny Giavotella,0.2,2016,LAA
1496,Paul Goldschmidt,5,2016,ARI
1497,Carlos GÃ³mez,0,2016,"HOU,TEX"
1498,AdriÃ¡n GonzÃ¡lez,1.9,2016,LAD
1499,Carlos GonzÃ¡lez,2.3,2016,COL
1500,Marwin GonzÃ¡lez,1.2,2016,HOU
1501,Alex Gordon,0.7,2016,KCR
1502,Phil Gosselin,0.5,2016,ARI
1503,Yasmani Grandal,3,2016,LAD
1504,Curtis Granderson,2.8,2016,NYM
1505,Didi Gregorius,2.3,2016,NYY
1506,Randal Grichuk,2.7,2016,STL
1507,Brandon Guyer,2.1,2016,"CLE,TBR"
1508,Billy Hamilton,3.1,2016,CIN
1509,J.J. Hardy,2.1,2016,BAL
1510,Bryce Harper,1.5,2016,WSN
1511,Josh Harrison,2,2016,PIT
1512,Chase Headley,2.3,2016,NYY
1513,Adeiny HechavarrÃ­a,1,2016,MIA
1514,CÃ©sar HernÃ¡ndez,3,2016,PHI
1515,OdÃºbel Herrera,4.6,2016,PHI
1516,Jason Heyward,1,2016,CHC
1517,Aaron Hicks,-0.2,2016,NYY
1518,Aaron Hill,1.2,2016,"BOS,MIL"
1519,Matt Holliday,0.5,2016,STL
1520,Eric Hosmer,1.6,2016,KCR
1521,Ryan Howard,-1.2,2016,PHI
1522,Chris Iannetta,0.2,2016,SEA
1523,Jose Iglesias,2.5,2016,DET
1524,Ender Inciarte,3.8,2016,ATL
1525,Travis Jankowski,1.4,2016,SDP
1526,John Jaso,0.7,2016,PIT
1527,Jon Jay,1.2,2016,SDP
1528,Chris Johnson,-0.7,2016,MIA
1529,Adam Jones,1.7,2016,BAL
1530,Tommy Joseph,0.5,2016,PHI
1531,Matt Joyce,1.8,2016,PIT
1532,Jung Ho Kang,2.3,2016,PIT
1533,Matt Kemp,0.3,2016,"ATL,SDP"
1534,Howie Kendrick,0.6,2016,LAD
1535,Max Kepler,2.4,2016,MIN
1536,Kevin Kiermaier,5.5,2016,TBR
1537,Hyun Soo Kim,0.9,2016,BAL
1538,Ian Kinsler,5.6,2016,DET
1539,Jason Kipnis,3.8,2016,CLE
1540,Jake Lamb,2.8,2016,ARI
1541,Brett Lawrie,1.2,2016,CHW
1542,Dae-ho Lee,0.1,2016,SEA
1543,DJ LeMahieu,5.3,2016,COL
1544,Adam Lind,-0.3,2016,SEA
1545,Francisco Lindor,5.1,2016,CLE
1546,James Loney,-0.1,2016,NYM
1547,Evan Longoria,4.4,2016,TBR
1548,Jed Lowrie,-0.4,2016,OAK
1549,Jonathan Lucroy,3.7,2016,"MIL,TEX"
1550,Manny Machado,7.3,2016,BAL
1551,Jake Marisnick,1.7,2016,HOU
1552,Nick Markakis,1.6,2016,ATL
1553,Ketel Marte,0.4,2016,SEA
1554,Starling Marte,4.8,2016,PIT
1555,Russell Martin,2,2016,TOR
1556,Victor Martinez,1.5,2016,DET
1557,J.D. Martinez,1.7,2016,DET
1558,Leonys MartÃ­n,1.1,2016,SEA
1559,Joe Mauer,2.2,2016,MIN
1560,Cameron Maybin,1.7,2016,DET
1561,Nomar Mazara,0.3,2016,TEX
1562,Brian McCann,0.8,2016,NYY
1563,James McCann,0.9,2016,DET
1564,Andrew McCutchen,-0.3,2016,PIT
1565,Jordy Mercer,1.2,2016,PIT
1566,Brad Miller,0.9,2016,TBR
1567,Yadier Molina,3,2016,STL
1568,Kendrys Morales,0.9,2016,KCR
1569,Mitch Moreland,1,2016,TEX
1570,Logan Morrison,0.4,2016,TBR
1571,Daniel Murphy,4.5,2016,WSN
1572,Wil Myers,3.5,2016,SDP
1573,Mike Napoli,1,2016,CLE
1574,Tyler Naquin,1.3,2016,CLE
1575,Dioner Navarro,-1,2016,"CHW,TOR"
1576,Kirk Nieuwenhuis,0.7,2016,MIL
1577,Derek Norris,0.3,2016,SDP
1578,Eduardo NÃºÃ±ez,1.7,2016,"MIN,SFG"
1579,Rougned Odor,2.7,2016,TEX
1580,Paulo Orlando,2,2016,KCR
1581,David Ortiz,5.2,2016,BOS
1582,Marcell Ozuna,2.1,2016,MIA
1583,Ãngel PagÃ¡n,1.8,2016,SFG
1584,Joe Panik,1.2,2016,SFG
1585,Joc Pederson,3.4,2016,LAD
1586,Dustin Pedroia,5.4,2016,BOS
1587,Hunter Pence,2.2,2016,SFG
1588,Salvador Perez,2.9,2016,KCR
1589,Carlos PÃ©rez,0.7,2016,LAA
1590,Jace Peterson,0.9,2016,ATL
1591,Brandon Phillips,0.1,2016,CIN
1592,Kevin Pillar,3.6,2016,TOR
1593,Stephen Piscotty,2.8,2016,STL
1594,Gregory Polanco,1.6,2016,PIT
1595,Buster Posey,4.9,2016,SFG
1596,MartÃ­n Prado,3.8,2016,MIA
1597,Yasiel Puig,1.3,2016,LAD
1598,Albert Pujols,1.5,2016,LAA
1599,Hanley RamÃ­rez,2.6,2016,BOS
1600,Alexei RamÃ­rez,-1.7,2016,"SDP,TBR"
1601,JosÃ© RamÃ­rez,4.8,2016,CLE
1602,Wilson Ramos,3,2016,WSN
1603,Colby Rasmus,2.6,2016,HOU
1604,J.T. Realmuto,2.6,2016,MIA
1605,Josh Reddick,2.4,2016,"LAD,OAK"
1606,Nolan Reimold,-0.3,2016,BAL
1607,Anthony Rendon,4.5,2016,WSN
1608,Ben Revere,-1,2016,WSN
1609,Mark Reynolds,1.3,2016,COL
1610,Joey Rickard,-0.3,2016,BAL
1611,Anthony Rizzo,5.8,2016,CHC
1612,Eddie Rosario,1.2,2016,MIN
1613,Cameron Rupp,1.1,2016,PHI
1614,Addison Russell,3.7,2016,CHC
1615,Carlos Santana,3.5,2016,CLE
1616,Michael Saunders,1.5,2016,TOR
1617,Jonathan Schoop,3.4,2016,BAL
1618,Corey Seager,5.2,2016,LAD
1619,Kyle Seager,6.7,2016,SEA
1620,Jean Segura,6.4,2016,ARI
1621,Marcus Semien,3.5,2016,OAK
1622,Travis Shaw,1.7,2016,BOS
1623,Andrelton Simmons,4.4,2016,LAA
1624,Seth Smith,0.5,2016,SEA
1625,Justin Smoak,-0.5,2016,TOR
1626,Jake Smolinski,-0.6,2016,OAK
1627,Yangervis Solarte,2.8,2016,SDP
1628,Steven Souza Jr.,0.8,2016,TBR
1629,Denard Span,1.6,2016,SFG
1630,George Springer,5.1,2016,HOU
1631,Giancarlo Stanton,2.5,2016,MIA
1632,Trevor Story,4.3,2016,COL
1633,Eugenio SuÃ¡rez,1.6,2016,CIN
1634,Kurt Suzuki,0.3,2016,MIN
1635,Mark Teixeira,-1.1,2016,NYY
1636,Yasmany TomÃ¡s,-0.9,2016,ARI
1637,Devon Travis,2.5,2016,TOR
1638,Mike Trout,10.5,2016,LAA
1639,Mark Trumbo,2.1,2016,BAL
1640,Troy Tulowitzki,3.2,2016,TOR
1641,Justin Turner,5,2016,LAD
1642,Justin Upton,1.7,2016,DET
1643,B.J. Upton,1.4,2016,"SDP,TOR"
1644,Chase Utley,1.2,2016,LAD
1645,Luis Valbuena,2.3,2016,HOU
1646,Jonathan Villar,3.2,2016,MIL
1647,Stephen Vogt,2.1,2016,OAK
1648,Joey Votto,4.2,2016,CIN
1649,Neil Walker,2.2,2016,NYM
1650,Jayson Werth,0.3,2016,WSN
1651,Matt Wieters,1.9,2016,BAL
1652,Kolten Wong,1.3,2016,STL
1653,Christian Yelich,4.9,2016,MIA
1654,Ryan Zimmerman,-0.7,2016,WSN
1655,Ben Zobrist,3.4,2016,CHC
1656,JosÃ© Abreu,3.5,2015,CHW
1657,Dustin Ackley,-1,2015,"NYY,SEA"
1658,Nick Ahmed,1.1,2015,ARI
1659,Yonder Alonso,1.9,2015,SDP
1660,Jose Altuve,4,2015,HOU
1661,Pedro Ãlvarez,0.1,2015,PIT
1662,Alexi Amarista,-0.4,2015,SDP
1663,Elvis Andrus,1.8,2015,TEX
1664,Nori Aoki,1,2015,SFG
1665,Nolan Arenado,6.3,2015,COL
1666,Erick Aybar,2.2,2015,LAA
1667,Clint Barmes,0.1,2015,SDP
1668,Brandon Barnes,-1.1,2015,COL
1669,JosÃ© Bautista,4.8,2015,TOR
1670,Brandon Belt,4.1,2015,SFG
1671,Carlos BeltrÃ¡n,1.1,2015,NYY
1672,Adrian BeltrÃ©,4.4,2015,TEX
1673,Mookie Betts,6.1,2015,BOS
1674,Charlie Blackmon,2,2015,COL
1675,GrÃ©gor Blanco,1,2015,SFG
1676,Xander Bogaerts,4.3,2015,BOS
1677,Justin Bour,0.5,2015,MIA
1678,Peter Bourjos,-0.8,2015,STL
1679,Michael Bourn,0.2,2015,"ATL,CLE"
1680,Michael Brantley,3.8,2015,CLE
1681,Ryan Braun,3.3,2015,MIL
1682,Jay Bruce,0.9,2015,CIN
1683,Kris Bryant,5.3,2015,CHC
1684,Billy Burns,3.2,2015,OAK
1685,Billy Butler,-0.6,2015,OAK
1686,Marlon Byrd,1.4,2015,"CIN,SFG"
1687,AsdrÃºbal Cabrera,1.6,2015,TBR
1688,Melky Cabrera,1.5,2015,CHW
1689,Miguel Cabrera,4.9,2015,DET
1690,Lorenzo Cain,7,2015,KCR
1691,Kole Calhoun,3.1,2015,LAA
1692,Robinson CanÃ³,3.5,2015,SEA
1693,Matt Carpenter,5,2015,STL
1694,Ezequiel Carrera,-1,2015,TOR
1695,Chris Carter,0.5,2015,HOU
1696,Nick Castellanos,1.3,2015,DET
1697,Welington Castillo,1.1,2015,"ARI,CHC,SEA"
1698,Jason Castro,1.7,2015,HOU
1699,Starlin Castro,0.4,2015,CHC
1700,Francisco Cervelli,3.4,2015,PIT
1701,Yoenis CÃ©spedes,6.2,2015,"DET,NYM"
1702,Shin-Soo Choo,3.2,2015,TEX
1703,Chris Coghlan,2.2,2015,CHC
1704,Carlos Correa,4.8,2015,HOU
1705,Brandon Crawford,5.8,2015,SFG
1706,Nelson Cruz,5.1,2015,SEA
1707,Khris Davis,0.6,2015,MIL
1708,Rajai Davis,1.6,2015,DET
1709,Chris Davis,4.9,2015,BAL
1710,Alejandro De Aza,0.7,2015,"BAL,BOS,SFG"
1711,Delino DeShields,1,2015,TEX
1712,Ian Desmond,2,2015,WSN
1713,Josh Donaldson,7.1,2015,TOR
1714,Brian Dozier,2.8,2015,MIN
1715,Stephen Drew,0.3,2015,NYY
1716,Lucas Duda,2.8,2015,NYM
1717,Matt Duffy,3.9,2015,SFG
1718,Adam Eaton,4.1,2015,CHW
1719,Jacoby Ellsbury,1.8,2015,NYY
1720,Edwin EncarnaciÃ³n,4.9,2015,TOR
1721,Alcides Escobar,1,2015,KCR
1722,Yunel Escobar,2,2015,WSN
1723,Danny Espinosa,1.9,2015,WSN
1724,Andre Ethier,2.7,2015,LAD
1725,Prince Fielder,2,2015,TEX
1726,Wilmer Flores,1.2,2015,NYM
1727,Tyler Flowers,0.8,2015,CHW
1728,Logan Forsythe,4.6,2015,TBR
1729,Dexter Fowler,2.4,2015,CHC
1730,Jeff Francoeur,-0.7,2015,PHI
1731,Todd Frazier,3.5,2015,CIN
1732,Freddie Freeman,3,2015,ATL
1733,David Freese,2.9,2015,LAA
1734,Sam Fuld,0.8,2015,OAK
1735,Freddy Galvis,0.1,2015,PHI
1736,AvisaÃ­l GarcÃ­a,0.3,2015,CHW
1737,Brett Gardner,3.6,2015,NYY
1738,Evan Gattis,0.9,2015,HOU
1739,Scooter Gennett,0,2015,MIL
1740,Johnny Giavotella,1.2,2015,LAA
1741,Paul Goldschmidt,8.3,2015,ARI
1742,Yan Gomes,0.9,2015,CLE
1743,Carlos GÃ³mez,2.2,2015,"HOU,MIL"
1744,AdriÃ¡n GonzÃ¡lez,4.6,2015,LAD
1745,Carlos GonzÃ¡lez,2.6,2015,COL
1746,Alex Gordon,2.6,2015,KCR
1747,Anthony Gose,0.8,2015,DET
1748,Yasmani Grandal,1.5,2015,LAD
1749,Curtis Granderson,5.1,2015,NYM
1750,Didi Gregorius,3,2015,NYY
1751,Randal Grichuk,3.1,2015,STL
1752,Brandon Guyer,2.2,2015,TBR
1753,Jedd Gyorko,0.6,2015,SDP
1754,Billy Hamilton,1.1,2015,CIN
1755,J.J. Hardy,-0.3,2015,BAL
1756,Bryce Harper,9.7,2015,WSN
1757,Chase Headley,0.8,2015,NYY
1758,Adeiny HechavarrÃ­a,2.6,2015,MIA
1759,CÃ©sar HernÃ¡ndez,1.4,2015,PHI
1760,OdÃºbel Herrera,4.1,2015,PHI
1761,Jason Heyward,6.9,2015,STL
1762,Aaron Hicks,1.4,2015,MIN
1763,Eric Hosmer,4.3,2015,KCR
1764,Ryan Howard,-1.6,2015,PHI
1765,Nick Hundley,1.9,2015,COL
1766,Torii Hunter,-0.7,2015,MIN
1767,Chris Iannetta,0.7,2015,LAA
1768,Jose Iglesias,1.3,2015,DET
1769,Ender Inciarte,5,2015,ARI
1770,Omar Infante,-0.7,2015,KCR
1771,Austin Jackson,1.6,2015,"CHC,SEA"
1772,Adam Jones,3.5,2015,BAL
1773,Caleb Joseph,2.1,2015,BAL
1774,Matt Kemp,0.5,2015,SDP
1775,Howie Kendrick,1.6,2015,LAD
1776,Kevin Kiermaier,7.1,2015,TBR
1777,Ian Kinsler,4.7,2015,DET
1778,Jason Kipnis,4,2015,CLE
1779,Juan Lagares,0.4,2015,NYM
1780,Jake Lamb,2.3,2015,ARI
1781,Brett Lawrie,1.7,2015,OAK
1782,DJ LeMahieu,1.8,2015,COL
1783,Adam Lind,3.6,2015,MIL
1784,Francisco Lindor,4,2015,CLE
1785,James Loney,-0.8,2015,TBR
1786,Evan Longoria,4.5,2015,TBR
1787,Jonathan Lucroy,1,2015,MIL
1788,Manny Machado,7.5,2015,BAL
1789,Jake Marisnick,2.5,2015,HOU
1790,Nick Markakis,2,2015,ATL
1791,Starling Marte,5,2015,PIT
1792,Russell Martin,3.2,2015,TOR
1793,Victor Martinez,-1.8,2015,DET
1794,J.D. Martinez,5.4,2015,DET
1795,Leonys MartÃ­n,0.9,2015,TEX
1796,Joe Mauer,1.3,2015,MIN
1797,Cameron Maybin,0.6,2015,ATL
1798,Brian McCann,2.8,2015,NYY
1799,James McCann,0.7,2015,DET
1800,Andrew McCutchen,5,2015,PIT
1801,Jordy Mercer,0.4,2015,PIT
1802,Brad Miller,0.1,2015,SEA
1803,Yadier Molina,1.6,2015,STL
1804,Miguel Montero,1.8,2015,CHC
1805,Kendrys Morales,2.7,2015,KCR
1806,Mitch Moreland,2.3,2015,TEX
1807,Logan Morrison,-0.1,2015,SEA
1808,Brandon Moss,-0.3,2015,"CLE,STL"
1809,Mike Moustakas,4.1,2015,KCR
1810,Mike Napoli,0.8,2015,"BOS,TEX"
1811,Derek Norris,2.5,2015,SDP
1812,Rougned Odor,2.1,2015,TEX
1813,David Ortiz,3.1,2015,BOS
1814,Chris Owings,-0.2,2015,ARI
1815,Marcell Ozuna,0.9,2015,MIA
1816,Ãngel PagÃ¡n,-1.8,2015,SFG
1817,Joe Panik,3.5,2015,SFG
1818,Jimmy Paredes,0.4,2015,BAL
1819,Gerardo Parra,1.2,2015,"BAL,MIL"
1820,Ben Paulsen,1.1,2015,COL
1821,Joc Pederson,2.6,2015,LAD
1822,Dustin Pedroia,2.6,2015,BOS
1823,Brayan PeÃ±a,0.4,2015,CIN
1824,Jhonny Peralta,1.2,2015,STL
1825,David Peralta,3.6,2015,ARI
1826,HernÃ¡n PÃ©rez,-0.5,2015,"DET,MIL"
1827,Salvador Perez,2.4,2015,KCR
1828,Carlos PÃ©rez,1.4,2015,LAA
1829,Jace Peterson,1,2015,ATL
1830,Brandon Phillips,2.2,2015,CIN
1831,A.J. Pierzynski,1.4,2015,ATL
1832,Kevin Pillar,5.2,2015,TOR
1833,Trevor Plouffe,2.9,2015,MIN
1834,Gregory Polanco,2.5,2015,PIT
1835,AJ Pollock,6.9,2015,ARI
1836,Buster Posey,5.9,2015,SFG
1837,MartÃ­n Prado,3.4,2015,MIA
1838,Albert Pujols,3,2015,LAA
1839,Aramis RamÃ­rez,-0.3,2015,"MIL,PIT"
1840,Hanley RamÃ­rez,-0.7,2015,BOS
1841,Alexei RamÃ­rez,1.1,2015,CHW
1842,Wilson Ramos,1,2015,WSN
1843,Colby Rasmus,2.8,2015,HOU
1844,J.T. Realmuto,2.4,2015,MIA
1845,Josh Reddick,3.6,2015,OAK
1846,Ben Revere,3,2015,"PHI,TOR"
1847,JosÃ© Reyes,0.4,2015,"COL,TOR"
1848,Mark Reynolds,-0.4,2015,STL
1849,Ãlex RÃ­os,-1.3,2015,KCR
1850,RenÃ© Rivera,-1.9,2015,TBR
1851,Anthony Rizzo,6.4,2015,CHC
1852,Sean RodrÃ­guez,0,2015,PIT
1853,Ãlex RodrÃ­guez,3,2015,NYY
1854,Jimmy Rollins,0.4,2015,LAD
1855,Eddie Rosario,2.2,2015,MIN
1856,Carlos Ruiz,-0.6,2015,PHI
1857,Cameron Rupp,1.1,2015,PHI
1858,Addison Russell,2.7,2015,CHC
1859,Yolmer SÃ¡nchez,0.1,2015,CHW
1860,Pablo Sandoval,-0.5,2015,BOS
1861,Carlos Santana,0.4,2015,CLE
1862,Jonathan Schoop,1.8,2015,BAL
1863,Skip Schumaker,-1,2015,CIN
1864,Kyle Seager,5.4,2015,SEA
1865,Jean Segura,0.6,2015,MIL
1866,Marcus Semien,1.7,2015,OAK
1867,Andrelton Simmons,4.5,2015,ATL
1868,Seth Smith,1.8,2015,SEA
1869,Justin Smoak,0.9,2015,TOR
1870,Eric Sogard,1.1,2015,OAK
1871,Yangervis Solarte,2.3,2015,SDP
1872,Jorge Soler,0,2015,CHC
1873,Steven Souza Jr.,1.4,2015,TBR
1874,George Springer,4.2,2015,HOU
1875,Dee Strange-Gordon,4.3,2015,MIA
1876,Eugenio SuÃ¡rez,0.9,2015,CIN
1877,Ichiro Suzuki,-1.1,2015,MIA
1878,Kurt Suzuki,0.4,2015,MIN
1879,Blake Swihart,0.4,2015,BOS
1880,Michael A. Taylor,0.4,2015,WSN
1881,Mark Teixeira,3.3,2015,NYY
1882,RubÃ©n Tejada,0.1,2015,NYM
1883,Mike Trout,9.6,2015,LAA
1884,Mark Trumbo,1.7,2015,"ARI,SEA"
1885,Preston Tucker,0.4,2015,HOU
1886,Troy Tulowitzki,2.6,2015,"COL,TOR"
1887,Justin Turner,3.8,2015,LAD
1888,Justin Upton,4.2,2015,SDP
1889,Juan Uribe,0.9,2015,"ATL,LAD,NYM"
1890,Gio Urshela,-0.3,2015,CLE
1891,Chase Utley,0.2,2015,"LAD,PHI"
1892,Luis Valbuena,2.6,2015,HOU
1893,Will Venable,0.5,2015,"SDP,TEX"
1894,Stephen Vogt,3.7,2015,OAK
1895,Joey Votto,7.8,2015,CIN
1896,Neil Walker,2.2,2015,PIT
1897,Jayson Werth,-1.5,2015,WSN
1898,Kolten Wong,2.6,2015,STL
1899,Christian Yelich,3.6,2015,MIA
1900,Chris Young,1,2015,NYY
1901,Ryan Zimmerman,0.7,2015,WSN
1902,Mike Zunino,-0.7,2015,SEA
1903,JosÃ© Abreu,5.8,2014,CHW
1904,Dustin Ackley,1.9,2014,SEA
1905,Matt Adams,2.2,2014,STL
1906,Jose Altuve,5.5,2014,HOU
1907,Pedro Ãlvarez,-0.6,2014,PIT
1908,Elvis Andrus,0.8,2014,TEX
1909,Nori Aoki,1.1,2014,KCR
1910,Oswaldo Arcia,0.5,2014,MIN
1911,Nolan Arenado,3.6,2014,COL
1912,Cody Asche,0.3,2014,PHI
1913,Alex Avila,2.1,2014,DET
1914,Erick Aybar,3.9,2014,LAA
1915,JosÃ© Bautista,6.9,2014,TOR
1916,Gordon Beckham,0.9,2014,"CHW,LAA"
1917,Adrian BeltrÃ©,6.2,2014,TEX
1918,Charlie Blackmon,2,2014,COL
1919,GrÃ©gor Blanco,1.8,2014,SFG
1920,Xander Bogaerts,0.7,2014,BOS
1921,Peter Bourjos,1.4,2014,STL
1922,Michael Bourn,0.9,2014,CLE
1923,Jackie Bradley Jr.,0.7,2014,BOS
1924,Michael Brantley,7,2014,CLE
1925,Ryan Braun,1.2,2014,MIL
1926,Domonic Brown,-1.3,2014,PHI
1927,Jay Bruce,-0.8,2014,CIN
1928,Billy Butler,-0.1,2014,KCR
1929,Marlon Byrd,3.3,2014,PHI
1930,AsdrÃºbal Cabrera,1.7,2014,"CLE,WSN"
1931,Everth Cabrera,0.1,2014,SDP
1932,Melky Cabrera,3.5,2014,TOR
1933,Miguel Cabrera,5.1,2014,DET
1934,Lorenzo Cain,4.4,2014,KCR
1935,Kole Calhoun,4,2014,LAA
1936,Robinson CanÃ³,6.3,2014,SEA
1937,Matt Carpenter,2.9,2014,STL
1938,Chris Carter,1.9,2014,HOU
1939,Nick Castellanos,-0.1,2014,DET
1940,Welington Castillo,1.3,2014,CHC
1941,Jason Castro,1.2,2014,HOU
1942,Starlin Castro,2.4,2014,CHC
1943,Yoenis CÃ©spedes,4.4,2014,"BOS,OAK"
1944,Robinson Chirinos,2.6,2014,TEX
1945,Lonnie Chisenhall,1.5,2014,CLE
1946,Chris Coghlan,0.8,2014,CHC
1947,Collin Cowgill,1.7,2014,LAA
1948,Zack Cozart,1.9,2014,CIN
1949,Allen Craig,-1,2014,"BOS,STL"
1950,Brandon Crawford,3.4,2014,SFG
1951,Carl Crawford,2.4,2014,LAD
1952,Coco Crisp,1.2,2014,OAK
1953,Nelson Cruz,4.5,2014,BAL
1954,Travis d'Arnaud,0.5,2014,NYM
1955,Khris Davis,1.7,2014,MIL
1956,Rajai Davis,1.6,2014,DET
1957,Ike Davis,0.3,2014,"NYM,PIT"
1958,Chris Davis,1.1,2014,BAL
1959,Alejandro De Aza,1.2,2014,"BAL,CHW"
1960,Chris Denorfia,0,2014,"SDP,SEA"
1961,Ian Desmond,4.1,2014,WSN
1962,Corey Dickerson,3.1,2014,COL
1963,Matt Dominguez,-1.1,2014,HOU
1964,Josh Donaldson,6.9,2014,OAK
1965,Brian Dozier,5.5,2014,MIN
1966,Lucas Duda,3.8,2014,NYM
1967,Adam Dunn,0.7,2014,"CHW,OAK"
1968,Jarrod Dyson,2.3,2014,KCR
1969,Adam Eaton,5.2,2014,CHW
1970,A.J. Ellis,0.2,2014,LAD
1971,Jacoby Ellsbury,3.6,2014,NYY
1972,Edwin EncarnaciÃ³n,3.8,2014,TOR
1973,Alcides Escobar,2.7,2014,KCR
1974,Eduardo Escobar,0.9,2014,MIN
1975,Yunel Escobar,-0.2,2014,TBR
1976,Danny Espinosa,-0.1,2014,WSN
1977,Andre Ethier,0,2014,LAD
1978,Tyler Flowers,2.3,2014,CHW
1979,Dexter Fowler,1.8,2014,HOU
1980,Todd Frazier,4.7,2014,CIN
1981,Freddie Freeman,3,2014,ATL
1982,David Freese,1.7,2014,LAA
1983,Sam Fuld,1.7,2014,"MIN,OAK"
1984,Brett Gardner,3.8,2014,NYY
1985,Evan Gattis,2.2,2014,ATL
1986,Scooter Gennett,1.1,2014,MIL
1987,Craig Gentry,1.9,2014,OAK
1988,Conor Gillaspie,1.7,2014,CHW
1989,Paul Goldschmidt,4.7,2014,ARI
1990,Jonny Gomes,-0.6,2014,"BOS,OAK"
1991,Yan Gomes,4.1,2014,CLE
1992,Carlos GÃ³mez,4.7,2014,MIL
1993,AdriÃ¡n GonzÃ¡lez,4.4,2014,LAD
1994,Alex Gordon,6.1,2014,KCR
1995,Anthony Gose,0.7,2014,TOR
1996,Curtis Granderson,1.2,2014,NYM
1997,Robbie Grossman,1.6,2014,HOU
1998,Jedd Gyorko,-0.5,2014,SDP
1999,Billy Hamilton,2.5,2014,CIN
2000,J.J. Hardy,3.1,2014,BAL
2001,Bryce Harper,1,2014,WSN
2002,Chase Headley,3.6,2014,"NYY,SDP"
2003,Adeiny HechavarrÃ­a,1.2,2014,MIA
2004,Jason Heyward,5.5,2014,ATL
2005,Aaron Hill,-0.9,2014,ARI
2006,Matt Holliday,3.3,2014,STL
2007,Eric Hosmer,0.8,2014,KCR
2008,Ryan Howard,-1.3,2014,PHI
2009,Torii Hunter,0.9,2014,DET
2010,Chris Iannetta,2.3,2014,LAA
2011,Ender Inciarte,3.3,2014,ARI
2012,Omar Infante,0.5,2014,KCR
2013,Austin Jackson,1.5,2014,"DET,SEA"
2014,Jon Jay,2.9,2014,STL
2015,Desmond Jennings,3.2,2014,TBR
2016,Derek Jeter,-0.7,2014,NYY
2017,Chris Johnson,-0.5,2014,ATL
2018,Adam Jones,4.8,2014,BAL
2019,Garrett Jones,-0.5,2014,MIA
2020,James Jones,-0.1,2014,SEA
2021,Matt Joyce,1.5,2014,TBR
2022,Matt Kemp,1.2,2014,LAD
2023,Howie Kendrick,6.1,2014,LAA
2024,Kevin Kiermaier,3.5,2014,TBR
2025,Ian Kinsler,5.1,2014,DET
2026,Jason Kipnis,0.7,2014,CLE
2027,Juan Lagares,5.2,2014,NYM
2028,Junior Lake,-1.3,2014,CHC
2029,Adam LaRoche,2.4,2014,WSN
2030,Tommy La Stella,0.1,2014,ATL
2031,DJ LeMahieu,0.8,2014,COL
2032,James Loney,1.2,2014,TBR
2033,Evan Longoria,3.7,2014,TBR
2034,David Lough,1.5,2014,BAL
2035,Jed Lowrie,1,2014,OAK
2036,Jonathan Lucroy,6.4,2014,MIL
2037,Ryan Ludwick,-0.6,2014,CIN
2038,Manny Machado,2.2,2014,BAL
2039,Nick Markakis,1.9,2014,BAL
2040,Starling Marte,4.5,2014,PIT
2041,Russell Martin,5.7,2014,PIT
2042,Victor Martinez,5.5,2014,DET
2043,J.D. Martinez,4.6,2014,DET
2044,Leonys MartÃ­n,4.4,2014,TEX
2045,Joe Mauer,1.7,2014,MIN
2046,Cameron Maybin,0.1,2014,SDP
2047,Brian McCann,2.1,2014,NYY
2048,Andrew McCutchen,6.4,2014,PIT
2049,Casey McGehee,0.9,2014,MIA
2050,Jordy Mercer,2.3,2014,PIT
2051,Devin Mesoraco,4.9,2014,CIN
2052,Brad Miller,1.3,2014,SEA
2053,JosÃ© Molina,-2,2014,TBR
2054,Yadier Molina,3.2,2014,STL
2055,Miguel Montero,1,2014,ARI
2056,Justin Morneau,3.4,2014,COL
2057,Mike Morse,0.9,2014,SFG
2058,Brandon Moss,2.1,2014,OAK
2059,Mike Moustakas,0.1,2014,KCR
2060,David Murphy,-0.3,2014,CLE
2061,Daniel Murphy,2.3,2014,NYM
2062,Mike Napoli,2.8,2014,BOS
2063,Daniel Nava,3.5,2014,BOS
2064,Dioner Navarro,2.5,2014,TOR
2065,Derek Norris,3.2,2014,OAK
2066,Rougned Odor,0.5,2014,TEX
2067,David Ortiz,2.6,2014,BOS
2068,Lyle Overbay,-0.6,2014,MIL
2069,Marcell Ozuna,4.4,2014,MIA
2070,Ãngel PagÃ¡n,1.4,2014,SFG
2071,Gerardo Parra,-0.5,2014,"ARI,MIL"
2072,Dustin Pedroia,3.9,2014,BOS
2073,Hunter Pence,4,2014,SFG
2074,Jhonny Peralta,5.8,2014,STL
2075,David Peralta,1.2,2014,ARI
2076,Salvador Perez,3.6,2014,KCR
2077,Brandon Phillips,1,2014,CIN
2078,A.J. Pierzynski,-0.7,2014,"BOS,STL"
2079,Trevor Plouffe,4.2,2014,MIN
2080,Gregory Polanco,0.3,2014,PIT
2081,Buster Posey,5.1,2014,SFG
2082,MartÃ­n Prado,3.2,2014,"ARI,NYY"
2083,Alex Presley,0.2,2014,HOU
2084,Yasiel Puig,4.9,2014,LAD
2085,Albert Pujols,3.9,2014,LAA
2086,Aramis RamÃ­rez,1,2014,MIL
2087,Hanley RamÃ­rez,3.7,2014,LAD
2088,Alexei RamÃ­rez,3.5,2014,CHW
2089,Wilson Ramos,1.4,2014,WSN
2090,Colby Rasmus,1.1,2014,TOR
2091,Josh Reddick,3.2,2014,OAK
2092,Anthony Rendon,6.5,2014,WSN
2093,Ben Revere,1.1,2014,PHI
2094,JosÃ© Reyes,3.4,2014,TOR
2095,Mark Reynolds,0.1,2014,MIL
2096,Ãlex RÃ­os,0.3,2014,TEX
2097,RenÃ© Rivera,2.7,2014,SDP
2098,Anthony Rizzo,5.6,2014,CHC
2099,Brian Roberts,0.7,2014,NYY
2100,Jimmy Rollins,4.1,2014,PHI
2101,Andrew Romine,0.7,2014,DET
2102,Wilin Rosario,-0.3,2014,COL
2103,Carlos Ruiz,3.1,2014,PHI
2104,Jarrod Saltalamacchia,0.5,2014,MIA
2105,Gaby SÃ¡nchez,-0.1,2014,PIT
2106,Pablo Sandoval,3.2,2014,SFG
2107,Carlos Santana,2.8,2014,CLE
2108,Nate Schierholtz,-0.7,2014,"CHC,WSN"
2109,Jonathan Schoop,1.2,2014,BAL
2110,Kyle Seager,6.3,2014,SEA
2111,Jean Segura,0.9,2014,MIL
2112,MoisÃ©s Sierra,-0.2,2014,"CHW,TOR"
2113,Andrelton Simmons,2.6,2014,ATL
2114,Jon Singleton,-0.6,2014,HOU
2115,Grady Sizemore,0.2,2014,"BOS,PHI"
2116,Seth Smith,3.4,2014,SDP
2117,Travis Snider,1.9,2014,PIT
2118,Eric Sogard,0.7,2014,OAK
2119,Yangervis Solarte,1.4,2014,"NYY,SDP"
2120,Denard Span,4.3,2014,WSN
2121,Giancarlo Stanton,6.5,2014,MIA
2122,Dee Strange-Gordon,3.5,2014,LAD
2123,Drew Stubbs,2.3,2014,COL
2124,Eugenio SuÃ¡rez,0.8,2014,DET
2125,Ichiro Suzuki,0.9,2014,NYY
2126,Kurt Suzuki,2.6,2014,MIN
2127,Mark Teixeira,0.8,2014,NYY
2128,RubÃ©n Tejada,1.9,2014,NYM
2129,Mike Trout,7.7,2014,LAA
2130,Troy Tulowitzki,5.7,2014,COL
2131,Justin Upton,3.1,2014,ATL
2132,B.J. Upton,-0.1,2014,ATL
2133,Juan Uribe,4,2014,LAD
2134,Chase Utley,3.7,2014,PHI
2135,Luis Valbuena,2.5,2014,CHC
2136,Will Venable,1.1,2014,SDP
2137,DayÃ¡n Viciedo,-0.5,2014,CHW
2138,Jonathan Villar,0.9,2014,HOU
2139,Neil Walker,3.6,2014,PIT
2140,Jayson Werth,4.2,2014,WSN
2141,Kolten Wong,2.4,2014,STL
2142,David Wright,2.1,2014,NYM
2143,Christian Yelich,3.8,2014,MIA
2144,Chris Young,1.1,2014,"NYM,NYY"
2145,Mike Zunino,0.4,2014,SEA
2146,Yonder Alonso,0.8,2013,SDP
2147,Jose Altuve,1.1,2013,HOU
2148,Pedro Ãlvarez,3.3,2013,PIT
2149,Alexi Amarista,-0.2,2013,SDP
2150,Elvis Andrus,3.4,2013,TEX
2151,Nori Aoki,2.7,2013,MIL
2152,Oswaldo Arcia,-0.7,2013,MIN
2153,Nolan Arenado,2.5,2013,COL
2154,J.P. Arencibia,-0.1,2013,TOR
2155,Alex Avila,0.6,2013,DET
2156,Erick Aybar,1,2013,LAA
2157,Clint Barmes,0.2,2013,PIT
2158,Brandon Barnes,1.4,2013,HOU
2159,Darwin Barney,-1.1,2013,CHC
2160,JosÃ© Bautista,4.5,2013,TOR
2161,Gordon Beckham,0.7,2013,CHW
2162,Brandon Belt,4.1,2013,SFG
2163,Carlos BeltrÃ¡n,2.3,2013,STL
2164,Adrian BeltrÃ©,5.7,2013,TEX
2165,Roger Bernadina,-0.5,2013,"PHI,WSN"
2166,GrÃ©gor Blanco,2.6,2013,SFG
2167,Emilio BonifÃ¡cio,0.6,2013,"KCR,TOR"
2168,Michael Bourn,2.3,2013,CLE
2169,Michael Brantley,3,2013,CLE
2170,Domonic Brown,3.2,2013,PHI
2171,Jay Bruce,5.2,2013,CIN
2172,John Buck,0.7,2013,"NYM,PIT"
2173,Billy Butler,1.5,2013,KCR
2174,Marlon Byrd,4.8,2013,"NYM,PIT"
2175,AsdrÃºbal Cabrera,1.3,2013,CLE
2176,Everth Cabrera,2.9,2013,SDP
2177,Miguel Cabrera,7.5,2013,DET
2178,Lorenzo Cain,3.1,2013,KCR
2179,Alberto Callaspo,0.7,2013,"LAA,OAK"
2180,Robinson CanÃ³,6.6,2013,NYY
2181,Matt Carpenter,6.6,2013,STL
2182,Welington Castillo,4,2013,CHC
2183,Jason Castro,4.2,2013,HOU
2184,Starlin Castro,-0.5,2013,CHC
2185,Yoenis CÃ©spedes,1.4,2013,OAK
2186,Endy ChÃ¡vez,-0.5,2013,SEA
2187,Lonnie Chisenhall,1.1,2013,CLE
2188,Shin-Soo Choo,4.6,2013,CIN
2189,Zack Cozart,1.2,2013,CIN
2190,Allen Craig,2.7,2013,STL
2191,Brandon Crawford,2.4,2013,SFG
2192,Carl Crawford,1.5,2013,LAD
2193,Coco Crisp,3.8,2013,OAK
2194,Nelson Cruz,2.1,2013,TEX
2195,Michael Cuddyer,2.1,2013,COL
2196,Rajai Davis,1.6,2013,TOR
2197,Ike Davis,-0.2,2013,NYM
2198,Chris Davis,7.1,2013,BAL
2199,Alejandro De Aza,0.6,2013,CHW
2200,David DeJesus,1.9,2013,"CHC,TBR,WSN"
2201,Chris Denorfia,4.2,2013,SDP
2202,Ian Desmond,4.4,2013,WSN
2203,Andy Dirks,1,2013,DET
2204,Matt Dominguez,2.4,2013,HOU
2205,Josh Donaldson,7.2,2013,OAK
2206,Brian Dozier,2.4,2013,MIN
2207,Stephen Drew,2.7,2013,BOS
2208,A.J. Ellis,2.5,2013,LAD
2209,Mark Ellis,3.1,2013,LAD
2210,Jacoby Ellsbury,5.8,2013,BOS
2211,Alcides Escobar,0.4,2013,KCR
2212,Yunel Escobar,3.4,2013,TBR
2213,Andre Ethier,2.9,2013,LAD
2214,Prince Fielder,2.2,2013,DET
2215,Pedro FlorimÃ³n,1.2,2013,MIN
2216,Tyler Flowers,-0.1,2013,CHW
2217,Dexter Fowler,2,2013,COL
2218,Nick Franklin,2.3,2013,SEA
2219,Todd Frazier,2.9,2013,CIN
2220,Freddie Freeman,5.3,2013,ATL
2221,David Freese,0.4,2013,STL
2222,Sam Fuld,-0.4,2013,TBR
2223,Brett Gardner,4.2,2013,NYY
2224,Craig Gentry,3.5,2013,TEX
2225,Conor Gillaspie,1.2,2013,CHW
2226,Paul Goldschmidt,6.3,2013,ARI
2227,Jonny Gomes,1.6,2013,BOS
2228,Yan Gomes,4.2,2013,CLE
2229,Carlos GÃ³mez,7.6,2013,MIL
2230,AdriÃ¡n GonzÃ¡lez,3.8,2013,LAD
2231,Carlos GonzÃ¡lez,5.1,2013,COL
2232,Alex Gordon,4.1,2013,KCR
2233,Didi Gregorius,1.4,2013,ARI
2234,Jedd Gyorko,2.5,2013,SDP
2235,Josh Hamilton,1.3,2013,LAA
2236,J.J. Hardy,3.6,2013,BAL
2237,Bryce Harper,3.7,2013,WSN
2238,Chase Headley,3.4,2013,SDP
2239,Adeiny HechavarrÃ­a,-1.4,2013,MIA
2240,Todd Helton,0.1,2013,COL
2241,Jason Heyward,3.6,2013,ATL
2242,Aaron Hicks,0.7,2013,MIN
2243,Aaron Hill,1.1,2013,ARI
2244,Matt Holliday,2.6,2013,STL
2245,Eric Hosmer,3.4,2013,KCR
2246,Nick Hundley,1.1,2013,SDP
2247,Torii Hunter,2.6,2013,DET
2248,Chris Iannetta,1.7,2013,LAA
2249,RaÃºl IbaÃ±ez,0.7,2013,SEA
2250,Omar Infante,2.6,2013,DET
2251,Austin Jackson,3.5,2013,DET
2252,Jon Jay,1.5,2013,STL
2253,Desmond Jennings,3.1,2013,TBR
2254,Chris Johnson,2.5,2013,ATL
2255,Adam Jones,4.8,2013,BAL
2256,Garrett Jones,0.3,2013,PIT
2257,Matt Joyce,1.7,2013,TBR
2258,Howie Kendrick,3.6,2013,LAA
2259,Ian Kinsler,5,2013,TEX
2260,Jason Kipnis,5,2013,CLE
2261,Pete Kozma,-0.3,2013,STL
2262,Juan Lagares,3.4,2013,NYM
2263,Adam LaRoche,0.6,2013,WSN
2264,Brett Lawrie,2.6,2013,TOR
2265,DJ LeMahieu,1.1,2013,COL
2266,Jose Lobaton,1.5,2013,TBR
2267,James Loney,2.5,2013,TBR
2268,Evan Longoria,5.8,2013,TBR
2269,David Lough,2.4,2013,KCR
2270,Jed Lowrie,2.2,2013,OAK
2271,Jonathan Lucroy,2.9,2013,MIL
2272,Manny Machado,5.9,2013,BAL
2273,Nick Markakis,0.4,2013,BAL
2274,Starling Marte,5.1,2013,PIT
2275,Russell Martin,4.1,2013,PIT
2276,Victor Martinez,1.2,2013,DET
2277,Leonys MartÃ­n,3.5,2013,TEX
2278,John Mayberry,-0.6,2013,PHI
2279,Brian McCann,2.8,2013,ATL
2280,Andrew McCutchen,7.8,2013,PIT
2281,Nate McLouth,1.9,2013,BAL
2282,Devin Mesoraco,0.1,2013,CIN
2283,Will Middlebrooks,0.4,2013,BOS
2284,JosÃ© Molina,0,2013,TBR
2285,Yadier Molina,6.2,2013,STL
2286,Miguel Montero,0.3,2013,ARI
2287,Kendrys Morales,2.9,2013,SEA
2288,Mitch Moreland,0.7,2013,TEX
2289,Justin Morneau,1.3,2013,"MIN,PIT"
2290,Brandon Moss,2.6,2013,OAK
2291,Mike Moustakas,-0.6,2013,KCR
2292,David Murphy,-0.3,2013,TEX
2293,Daniel Murphy,2.5,2013,NYM
2294,Mike Napoli,3.7,2013,BOS
2295,Daniel Nava,2.9,2013,BOS
2296,Derek Norris,2,2013,OAK
2297,David Ortiz,4.4,2013,BOS
2298,Lyle Overbay,0,2013,NYY
2299,Gerardo Parra,5.3,2013,ARI
2300,Dustin Pedroia,6.1,2013,BOS
2301,Hunter Pence,3.8,2013,SFG
2302,Jhonny Peralta,3,2013,DET
2303,Salvador Perez,4.2,2013,KCR
2304,Brandon Phillips,1.7,2013,CIN
2305,A.J. Pierzynski,1.8,2013,TEX
2306,Trevor Plouffe,1.1,2013,MIN
2307,PlÃ¡cido Polanco,0.3,2013,MIA
2308,AJ Pollock,3.1,2013,ARI
2309,Buster Posey,5.3,2013,SFG
2310,MartÃ­n Prado,3,2013,ARI
2311,Yasiel Puig,4.7,2013,LAD
2312,Omar Quintanilla,-0.9,2013,NYM
2313,Aramis RamÃ­rez,0.8,2013,MIL
2314,Alexei RamÃ­rez,2.4,2013,CHW
2315,Colby Rasmus,5,2013,TOR
2316,Josh Reddick,2.8,2013,OAK
2317,Anthony Rendon,0.4,2013,WSN
2318,Ben Revere,1.5,2013,PHI
2319,JosÃ© Reyes,2.6,2013,TOR
2320,Ãlex RÃ­os,2.4,2013,"CHW,TEX"
2321,Anthony Rizzo,2.5,2013,CHC
2322,Jimmy Rollins,1.3,2013,PHI
2323,Wilin Rosario,2.2,2013,COL
2324,Cody Ross,2.3,2013,ARI
2325,Justin Ruggiano,0.4,2013,MIA
2326,Carlos Ruiz,1.5,2013,PHI
2327,Brendan Ryan,0.3,2013,"NYY,SEA"
2328,Jarrod Saltalamacchia,2.9,2013,BOS
2329,Gaby SÃ¡nchez,0.5,2013,PIT
2330,Pablo Sandoval,2.1,2013,SFG
2331,Carlos Santana,4.4,2013,CLE
2332,Michael Saunders,1.5,2013,SEA
2333,Logan Schafer,0.4,2013,MIL
2334,Nate Schierholtz,1.7,2013,CHC
2335,Marco Scutaro,2.2,2013,SFG
2336,Kyle Seager,3.9,2013,SEA
2337,Jean Segura,4.1,2013,MIL
2338,JB Shuck,0.9,2013,LAA
2339,Andrelton Simmons,5.8,2013,ATL
2340,Justin Smoak,1.1,2013,SEA
2341,Travis Snider,-0.7,2013,PIT
2342,Eric Sogard,1.4,2013,OAK
2343,Donovan Solano,0.1,2013,MIA
2344,Alfonso Soriano,2.9,2013,"CHC,NYY"
2345,Denard Span,3.1,2013,WSN
2346,Giancarlo Stanton,2.8,2013,MIA
2347,Chris Stewart,-0.1,2013,NYY
2348,Drew Stubbs,0.9,2013,CLE
2349,Ichiro Suzuki,2.1,2013,NYY
2350,Kurt Suzuki,-0.1,2013,"OAK,WSN"
2351,Nick Swisher,3.7,2013,CLE
2352,JosÃ© TÃ¡bata,1.2,2013,PIT
2353,Clete Thomas,0.2,2013,MIN
2354,AndrÃ©s Torres,-0.3,2013,SFG
2355,Mike Trout,8.9,2013,LAA
2356,Mark Trumbo,1.7,2013,LAA
2357,Troy Tulowitzki,5,2013,COL
2358,Dan Uggla,-0.3,2013,ATL
2359,Justin Upton,2.8,2013,ATL
2360,B.J. Upton,-1.7,2013,ATL
2361,Juan Uribe,3.6,2013,LAD
2362,Chase Utley,3.6,2013,PHI
2363,Luis Valbuena,1.2,2013,CHC
2364,Will Venable,3.5,2013,SDP
2365,DayÃ¡n Viciedo,0.6,2013,CHW
2366,Shane Victorino,6,2013,BOS
2367,Joey Votto,6.6,2013,CIN
2368,Neil Walker,3,2013,PIT
2369,Rickie Weeks,-1.1,2013,MIL
2370,Vernon Wells,-0.1,2013,NYY
2371,Jayson Werth,4.6,2013,WSN
2372,Matt Wieters,1.2,2013,BAL
2373,David Wright,5.2,2013,NYM
2374,Chris Young,-0.4,2013,OAK
2375,Eric Young Jr.,-0.7,2013,"COL,NYM"
2376,Michael Young,-1.2,2013,"LAD,PHI"
2377,Ryan Zimmerman,3.4,2013,WSN
2378,Ben Zobrist,5.2,2013,TBR
